{
    "condition": "minecraft:entity_properties",
    "entity": "this",
    "predicate": {
        "equipment": {
            "legs": {"items": [
                "leather_leggings"
            ],
            "count": {
                "min":1
            },
            "nbt": "{spec:1b}"
        },
            "head": {"items": [
                "glass"
            ],
            "count": {
                "min":1
            },
            "nbt": "{spec:1b}"
        }
        },
        "nbt": "{Inventory:[{id:'minecraft:white_stained_glass',Count:1b,Slot:3b},{id:'minecraft:white_stained_glass',Count:1b,Slot:4b},{id:'minecraft:white_stained_glass',Count:1b,Slot:5b}]}"
    }
}