{
	"textures": {
		"0": "arrow:gui_/green_arrow",
		"1": "arrow:gui_/empty_box",
		"particle": "arrow:gui_/green_arrow"
	},
	"elements": [
		{
			"from": [18.25, 6.75, 8],
			"to": [31.25, 9.75, 8.5],
			"rotation": {"angle": 0, "axis": "z", "origin": [9.25, 6, 7.25]},
			"faces": {
				"north": {"uv": [10, 1, 7, 14], "rotation": 90, "texture": "#0"},
				"east": {"uv": [7, 13.5, 10, 14], "rotation": 270, "texture": "#0"},
				"south": {"uv": [7, 1, 10, 14], "rotation": 270, "texture": "#0"},
				"west": {"uv": [7, 1, 10, 1.5], "rotation": 270, "texture": "#0"},
				"up": {"uv": [9.5, 1, 10, 14], "rotation": 270, "texture": "#0"},
				"down": {"uv": [7, 1, 7.5, 14], "rotation": 270, "texture": "#0"}
			}
		},
		{
			"from": [26.25, 2.75, 8],
			"to": [27.25, 6.75, 8.5],
			"rotation": {"angle": 0, "axis": "z", "origin": [9.25, 6, 7.25]},
			"faces": {
				"north": {"uv": [7, 9, 3, 10], "rotation": 90, "texture": "#0"},
				"east": {"uv": [3, 9.5, 7, 10], "rotation": 270, "texture": "#0"},
				"south": {"uv": [3, 9, 7, 10], "rotation": 270, "texture": "#0"},
				"west": {"uv": [3, 9, 7, 9.5], "rotation": 270, "texture": "#0"},
				"up": {"uv": [6.5, 9, 7, 10], "rotation": 270, "texture": "#0"},
				"down": {"uv": [3, 9, 3.5, 10], "rotation": 270, "texture": "#0"}
			}
		},
		{
			"from": [26.25, 9.75, 8],
			"to": [28.25, 12.75, 8.5],
			"rotation": {"angle": 0, "axis": "z", "origin": [9.25, 6, 7.25]},
			"faces": {
				"north": {"uv": [13, 9, 10, 11], "rotation": 90, "texture": "#0"},
				"east": {"uv": [10, 10.5, 13, 11], "rotation": 270, "texture": "#0"},
				"south": {"uv": [10, 9, 13, 11], "rotation": 270, "texture": "#0"},
				"west": {"uv": [10, 9, 13, 9.5], "rotation": 270, "texture": "#0"},
				"up": {"uv": [12.5, 9, 13, 11], "rotation": 270, "texture": "#0"},
				"down": {"uv": [10, 9, 10.5, 11], "rotation": 270, "texture": "#0"}
			}
		},
		{
			"from": [26.25, 12.75, 8],
			"to": [27.25, 13.75, 8.5],
			"rotation": {"angle": 0, "axis": "z", "origin": [9.25, 6, 7.25]},
			"faces": {
				"north": {"uv": [14, 9, 13, 10], "rotation": 90, "texture": "#0"},
				"east": {"uv": [13, 9.5, 14, 10], "rotation": 270, "texture": "#0"},
				"south": {"uv": [13, 9, 14, 10], "rotation": 270, "texture": "#0"},
				"west": {"uv": [13, 9, 14, 9.5], "rotation": 270, "texture": "#0"},
				"up": {"uv": [13.5, 9, 14, 10], "rotation": 270, "texture": "#0"},
				"down": {"uv": [13, 9, 13.5, 10], "rotation": 270, "texture": "#0"}
			}
		},
		{
			"from": [27.25, 3.75, 8],
			"to": [28.25, 6.75, 8.5],
			"rotation": {"angle": 0, "axis": "z", "origin": [9.25, 6, 7.25]},
			"faces": {
				"north": {"uv": [7, 10, 4, 11], "rotation": 90, "texture": "#0"},
				"east": {"uv": [4, 10.5, 7, 11], "rotation": 270, "texture": "#0"},
				"south": {"uv": [4, 10, 7, 11], "rotation": 270, "texture": "#0"},
				"west": {"uv": [4, 10, 7, 10.5], "rotation": 270, "texture": "#0"},
				"up": {"uv": [6.5, 10, 7, 11], "rotation": 270, "texture": "#0"},
				"down": {"uv": [4, 10, 4.5, 11], "rotation": 270, "texture": "#0"}
			}
		},
		{
			"from": [28.25, 4.75, 8],
			"to": [29.25, 6.75, 8.5],
			"rotation": {"angle": 0, "axis": "z", "origin": [9.25, 6, 7.25]},
			"faces": {
				"north": {"uv": [7, 11, 5, 12], "rotation": 90, "texture": "#0"},
				"east": {"uv": [5, 11.5, 7, 12], "rotation": 270, "texture": "#0"},
				"south": {"uv": [5, 11, 7, 12], "rotation": 270, "texture": "#0"},
				"west": {"uv": [5, 11, 7, 11.5], "rotation": 270, "texture": "#0"},
				"up": {"uv": [6.5, 11, 7, 12], "rotation": 270, "texture": "#0"},
				"down": {"uv": [5, 11, 5.5, 12], "rotation": 270, "texture": "#0"}
			}
		},
		{
			"from": [28.25, 9.75, 8],
			"to": [29.25, 11.75, 8.5],
			"rotation": {"angle": 0, "axis": "z", "origin": [9.25, 6, 7.25]},
			"faces": {
				"north": {"uv": [12, 11, 10, 12], "rotation": 90, "texture": "#0"},
				"east": {"uv": [10, 11.5, 12, 12], "rotation": 270, "texture": "#0"},
				"south": {"uv": [10, 11, 12, 12], "rotation": 270, "texture": "#0"},
				"west": {"uv": [10, 11, 12, 11.5], "rotation": 270, "texture": "#0"},
				"up": {"uv": [11.5, 11, 12, 12], "rotation": 270, "texture": "#0"},
				"down": {"uv": [10, 11, 10.5, 12], "rotation": 270, "texture": "#0"}
			}
		},
		{
			"from": [29.25, 5.75, 8],
			"to": [30.25, 6.75, 8.5],
			"rotation": {"angle": 0, "axis": "z", "origin": [9.25, 6, 7.25]},
			"faces": {
				"north": {"uv": [7, 12, 6, 13], "rotation": 90, "texture": "#0"},
				"east": {"uv": [6, 12.5, 7, 13], "rotation": 270, "texture": "#0"},
				"south": {"uv": [6, 12, 7, 13], "rotation": 270, "texture": "#0"},
				"west": {"uv": [6, 12, 7, 12.5], "rotation": 270, "texture": "#0"},
				"up": {"uv": [6.5, 12, 7, 13], "rotation": 270, "texture": "#0"},
				"down": {"uv": [6, 12, 6.5, 13], "rotation": 270, "texture": "#0"}
			}
		},
		{
			"from": [29.25, 9.75, 8],
			"to": [30.25, 10.75, 8.5],
			"rotation": {"angle": 0, "axis": "z", "origin": [9.25, 6, 7.25]},
			"faces": {
				"north": {"uv": [11, 12, 10, 13], "rotation": 90, "texture": "#0"},
				"east": {"uv": [10, 12.5, 11, 13], "rotation": 270, "texture": "#0"},
				"south": {"uv": [10, 12, 11, 13], "rotation": 270, "texture": "#0"},
				"west": {"uv": [10, 12, 11, 12.5], "rotation": 270, "texture": "#0"},
				"up": {"uv": [10.5, 12, 11, 13], "rotation": 270, "texture": "#0"},
				"down": {"uv": [10, 12, 10.5, 13], "rotation": 270, "texture": "#0"}
			}
		},
		{
			"from": [-9.8, -9.51471, 7.76471],
			"to": [23.2, 24.48529, 8.23529],
			"rotation": {"angle": 0, "axis": "z", "origin": [8, 8.23529, 8]},
			"faces": {
				"north": {"uv": [0, 0, 16, 16], "rotation": 90, "texture": "#1"},
				"east": {"uv": [0, 15.52941, 16, 16], "rotation": 90, "texture": "#1"},
				"south": {"uv": [16, 0, 0, 16], "rotation": 270, "texture": "#1"},
				"west": {"uv": [0, 0, 16, 0.47059], "rotation": 90, "texture": "#1"},
				"up": {"uv": [0, 0, 0.47059, 16], "rotation": 270, "texture": "#1"},
				"down": {"uv": [15.52941, 0, 16, 16], "rotation": 270, "texture": "#1"}
			}
		}
	],
	"gui_light": "front",
	"display": {
		"thirdperson_righthand": {
			"scale": [0.3, 0.3, 0.3]
		},
		"thirdperson_lefthand": {
			"scale": [0.3, 0.3, 0.3]
		},
		"firstperson_righthand": {
			"translation": [-1.25, 3.25, 0],
			"scale": [0.3, 0.3, 0.3]
		},
		"firstperson_lefthand": {
			"translation": [0, 2, 0],
			"scale": [0.3, 0.3, 0.3]
		},
		"ground": {
			"translation": [0, 2.25, 0],
			"scale": [0.3, 0.3, 0.3]
		},
		"gui": {
			"translation": [-16.5, 0, -12]
		},
		"fixed": {
			"translation": [0, 0, -0.5],
			"scale": [0.5, 0.5, 0.5]
		}
	}
}