{
  "providers": [
    {
      "type": "bitmap",
      "file": "minecraft:item/totem_of_undying.png",
      "height": 24,
      "ascent": 22,
      "chars": [
        "a"
      ]
    },
    {
      "type": "bitmap",
      "file": "arrow:render/skull.png",
      "height": 28,
      "ascent": 24,
      "chars": [
        "b"
      ]
    },
    {
      "type": "bitmap",
      "file": "gui/sprites/hud/heart/full.png",
      "height": 10,
      "ascent": 8,
      "chars": [
        "c"
      ]
    },
    {
      "type": "bitmap",
      "file": "gui/sprites/hud/heart/absorbing_full.png",
      "height": 10,
      "ascent": 8,
      "chars": [
        "d"
      ]
    },
    {
      "type": "bitmap",
      "file": "gui/sprites/hud/heart/poisoned_full.png",
      "height": 10,
      "ascent": 8,
      "chars": [
        "e"
      ]
    },
    {
      "type": "bitmap",
      "file": "gui/sprites/hud/heart/withered_full.png",
      "height": 10,
      "ascent": 8,
      "chars": [
        "f"
      ]
    },
    {
      "type": "bitmap",
      "file": "gui/sprites/hud/heart/frozen_full.png",
      "height": 10,
      "ascent": 8,
      "chars": [
        "g"
      ]
    },
    {
      "type": "bitmap",
      "file": "gui/sprites/hud/heart/half.png",
      "height": 10,
      "ascent": 8,
      "chars": [
        "C"
      ]
    },
    {
      "type": "bitmap",
      "file": "gui/sprites/hud/heart/absorbing_half.png",
      "height": 10,
      "ascent": 8,
      "chars": [
        "D"
      ]
    },
    {
      "type": "bitmap",
      "file": "gui/sprites/hud/heart/poisoned_half.png",
      "height": 10,
      "ascent": 8,
      "chars": [
        "E"
      ]
    },
    {
      "type": "bitmap",
      "file": "gui/sprites/hud/heart/withered_half.png",
      "height": 10,
      "ascent": 8,
      "chars": [
        "F"
      ]
    },
    {
      "type": "bitmap",
      "file": "gui/sprites/hud/heart/frozen_half.png",
      "height": 10,
      "ascent": 8,
      "chars": [
        "G"
      ]
    },
    {
      "type": "bitmap",
      "file": "gui/sprites/hud/heart/hardcore_full.png",
      "height": 10,
      "ascent": 8,
      "chars": [
        "h"
      ]
    },
    {
      "type": "bitmap",
      "file": "gui/sprites/hud/heart/hardcore_half.png",
      "height": 10,
      "ascent": 8,
      "chars": [
        "H"
      ]
    },
    {
      "type": "bitmap",
      "file": "mob_effect/weakness.png",
      "height": 10,
      "ascent": 8,
      "chars": [
        "I"
      ]
    },
    {
      "type": "bitmap",
      "file": "mob_effect/slowness.png",
      "height": 10,
      "ascent": 8,
      "chars": [
        "J"
      ]
    },
    {
      "type": "bitmap",
      "file": "mob_effect/mining_fatigue.png",
      "height": 10,
      "ascent": 8,
      "chars": [
        "K"
      ]
    },
    {
      "type": "bitmap",
      "file": "mob_effect/strength.png",
      "height": 10,
      "ascent": 8,
      "chars": [
        "L"
      ]
    },
    {
      "type": "bitmap",
      "file": "mob_effect/nausea.png",
      "height": 10,
      "ascent": 8,
      "chars": [
        "M"
      ]
    },
    {
      "type": "bitmap",
      "file": "mob_effect/darkness.png",
      "height": 10,
      "ascent": 8,
      "chars": [
        "N"
      ]
    },
    {
      "type": "bitmap",
      "file": "mob_effect/instant_health.png",
      "height": 14,
      "ascent": 10,
      "chars": [
        "O"
      ]
    },
    {
      "type": "bitmap",
      "file": "mob_effect/fire_resistance.png",
      "height": 10,
      "ascent": 8,
      "chars": [
        "P"
      ]
    },
    {
      "type": "bitmap",
      "file": "arrow:font/player_count.png",
      "height": 11,
      "ascent": 10,
      "chars": [
        "*"
      ]
    },
    {
      "type": "bitmap",
      "file": "minecraft:item/cake.png",
      "height": 24,
      "ascent": 22,
      "chars": [
        "w"
      ]
    },
    {
      "type": "bitmap",
      "file": "arrow:font/golden_apple.png",
      "height": 24,
      "ascent": 22,
      "chars": [
        "x"
      ]
    },
    {
      "type": "bitmap",
      "file": "minecraft:item/trident.png",
      "height": 24,
      "ascent": 22,
      "chars": [
        "y"
      ]
    },
    {
      "type": "bitmap",
      "file": "arrow:font/emerald.png",
      "height": 24,
      "ascent": 22,
      "chars": [
        "z"
      ]
    },
    {
      "type": "bitmap",
      "file": "arrow:font/cc.png",
      "height": 10,
      "ascent": 8,
      "chars": [
        "+"
      ]
    }
  ]
}