{
    "pools": [
        {
            "rolls": 1,
            "entries": [
                {
                    "type": "alternatives",
                    "children": [
                        {
                            "type": "item",
                            "name": "diamond_helmet",
                            "conditions": [
                                {
                                    "condition": "entity_scores",
                                    "entity": "this",
                                    "scores": {"armor":{"min": 8}}
                                }
                            ]
                        },
                        {
                            "type": "item",
                            "name": "iron_helmet",
                            "conditions": [
                                {
                                    "condition": "entity_scores",
                                    "entity": "this",
                                    "scores": {"armor":{"min": 6}}
                                }
                            ]
                        },
                        {
                            "type": "item",
                            "name": "chainmail_helmet",
                            "conditions": [
                                {
                                    "condition": "entity_scores",
                                    "entity": "this",
                                    "scores": {"armor":{"min": 4}}
                                }
                            ]
                        },
                        {
                            "type": "item",
                            "name": "leather_helmet",
                            "functions": [
                                {
                                    "function": "set_nbt",
                                    "tag": "{display:{color:16777215}}"
                                }
                            ],
                            "conditions": [
                                {
                                    "condition": "entity_scores",
                                    "entity": "this",
                                    "scores": {"armor":{"min": 2}}
                                }
                            ]
                        }
                    ]
                }
            ]
        }
    ],
    "functions": [
        {
            "function": "set_nbt",
            "tag": "{Unbreakable:1b,HideFlags:12,isConstant:1b,CanDestroy:['#game:breakable']}"
        },
        {
            "function": "set_lore",
            "entity": "this",
            "lore": [
                "",
                {"translate":"lore.bined_item"}
            ]
        },
        {
            "function": "set_enchantments",
            "enchantments": {
                "binding_curse":1
            }
        }
    ]
}