{
    "type": "command",
    "pools": [
        {
            "rolls": 1,
            "entries": [
                {
                    "type": "alternatives",
                    "children": [
                        {
                            "type": "item",
                            "name": "iron_shovel"
                        }
                    ]
                }
            ]
        }
    ],
    "functions": [
        {
            "function": "set_nbt",
            "tag": "{Unbreakable:1b,HideFlags:12,isConstant:1b,CanDestroy:[\"#game:breakable\"]}"
        },
        {
            "function": "set_lore",
            "entity": "this",
            "lore": [
                "",
                {"translate":"lore.bined_item"}
            ]
        }
    ]
}