{
    "type": "command",
    "pools": [
        {
            "rolls": 1,
            "entries": [
                {
                    "type": "alternatives",
                    "children": [
                        {
                            "type": "item",
                            "name": "emerald",
                            "functions": [
                                {
                                    "function": "set_lore",
                                    "entity": "this",
                                    "lore": [
                                        {"translate":"setting.villager.3","color": "yellow","italic": false},
                                        "",
                                        {"translate":"setting.villager.3.1","color": "gray","italic": false},
                                        {"translate":"setting.villager.3.2","color": "gray","italic": false},
                                        "",
                                        {"translate":"setting.change","color": "yellow","italic": false}
                                    ]
                                }
                            ],
                            "conditions": [
                                {
                                    "condition": "entity_scores",
                                    "entity": "this",
                                    "scores": {
                                        "SETTING.villager": 3
                                    }
                                }
                            ]
                        },
                        {
                            "type": "item",
                            "name": "emerald",
                            "functions": [
                                {
                                    "function": "set_lore",
                                    "entity": "this",
                                    "lore": [
                                        {"translate":"setting.villager.2","color": "yellow","italic": false},
                                        "",
                                        {"translate":"setting.villager.2.1","color": "gray","italic": false},
                                        {"translate":"setting.villager.2.2","color": "gray","italic": false},
                                        "",
                                        {"translate":"setting.change","color": "yellow","italic": false}
                                    ]
                                }
                            ],
                            "conditions": [
                                {
                                    "condition": "entity_scores",
                                    "entity": "this",
                                    "scores": {
                                        "SETTING.villager": 2
                                    }
                                }
                            ]
                        },
                        {
                            "type": "item",
                            "name": "emerald",
                            "functions": [
                                {
                                    "function": "set_lore",
                                    "entity": "this",
                                    "lore": [
                                        {"translate":"setting.villager.1","color": "yellow","italic": false},
                                        "",
                                        {"translate":"setting.villager.1.1","color": "gray","italic": false},
                                        {"translate":"setting.villager.1.2","color": "gray","italic": false},
                                        {"translate":"setting.villager.1.3","color": "gray","italic": false},
                                        "",
                                        {"translate":"setting.change","color": "yellow","italic": false}
                                    ]
                                }
                            ],
                            "conditions": [
                                {
                                    "condition": "entity_scores",
                                    "entity": "this",
                                    "scores": {
                                        "SETTING.villager": 1
                                    }
                                }
                            ]
                        },
                        {
                            "type": "item",
                            "name": "emerald",
                            "functions": [
                                {
                                    "function": "set_lore",
                                    "entity": "this",
                                    "lore": [
                                        {"translate":"setting.villager.0","color": "yellow","italic": false},
                                        "",
                                        {"translate":"setting.villager.0.1","color": "gray","italic": false},
                                        {"translate":"setting.villager.0.2","color": "gray","italic": false},
                                        "",
                                        {"translate":"setting.change","color": "yellow","italic": false}
                                    ]
                                }
                            ]
                        }
                    ]
                }
            ]
        }
    ],
    "functions": [
        {
            "function": "set_name",
            "entity": "this",
            "name": {"translate":"setting.villager","color": "green","italic": false}
        },
        {
            "function": "set_nbt",
            "tag":"{ui:{id:'villager',sound:'click'},CustomModelData:2}"
        }
    ]
}