{
    "criteria": {
        "broke":{
            "trigger": "item_durability_changed",
            "conditions": {
                "item": {
                    "items": [
                        "diamond_shovel"
                    ],
                    "count": 1,
                    "nbt": "{special:{dirtDEM:1b}}"      
                    },
                    "delta": -1
                }
            }
        },
    "rewards": {
        "function": "game:player/specials/dirt_cleaner"
    }
}