{
	"credit": "Made with Blockbench",
	"textures": {
		"1": "arrow:item/tp_home/tp_home",
		"2": "arrow:item/spell_back",
		"3": "arrow:item/tp_home/tp_home_cross"
	},
	"elements": [
		{
			"name": "tp_home_0",
			"from": [3, 9, 6],
			"to": [4, 16, 7],
			"faces": {
				"north": {"uv": [4, 0, 3, 7], "texture": "#1"},
				"east": {"uv": [3, 0, 4, 7], "texture": "#1"},
				"south": {"uv": [3, 0, 4, 7], "texture": "#1"},
				"west": {"uv": [3, 0, 4, 7], "texture": "#1"},
				"up": {"uv": [3, 0, 4, 1], "texture": "#1"},
				"down": {"uv": [3, 6, 4, 7], "texture": "#1"}
			}
		},
		{
			"name": "tp_home_1",
			"from": [2, 12, 6],
			"to": [3, 15, 7],
			"faces": {
				"north": {"uv": [3, 1, 2, 4], "texture": "#1"},
				"east": {"uv": [2, 1, 3, 4], "texture": "#1"},
				"south": {"uv": [2, 1, 3, 4], "texture": "#1"},
				"west": {"uv": [2, 1, 3, 4], "texture": "#1"},
				"up": {"uv": [2, 1, 3, 2], "texture": "#1"},
				"down": {"uv": [2, 3, 3, 4], "texture": "#1"}
			}
		},
		{
			"name": "tp_home_2",
			"from": [4, 12, 6],
			"to": [7, 15, 7],
			"faces": {
				"north": {"uv": [7, 1, 4, 4], "texture": "#1"},
				"east": {"uv": [6, 1, 7, 4], "texture": "#1"},
				"south": {"uv": [4, 1, 7, 4], "texture": "#1"},
				"west": {"uv": [4, 1, 5, 4], "texture": "#1"},
				"up": {"uv": [4, 1, 7, 2], "texture": "#1"},
				"down": {"uv": [4, 3, 7, 4], "texture": "#1"}
			}
		},
		{
			"name": "tp_home_3",
			"from": [7, 13, 6],
			"to": [12, 15, 7],
			"faces": {
				"north": {"uv": [12, 1, 7, 3], "texture": "#1"},
				"east": {"uv": [11, 1, 12, 3], "texture": "#1"},
				"south": {"uv": [7, 1, 12, 3], "texture": "#1"},
				"west": {"uv": [7, 1, 8, 3], "texture": "#1"},
				"up": {"uv": [7, 1, 12, 2], "texture": "#1"},
				"down": {"uv": [7, 2, 12, 3], "texture": "#1"}
			}
		},
		{
			"name": "tp_home_4",
			"from": [12, 1, 6],
			"to": [13, 14, 7],
			"faces": {
				"north": {"uv": [13, 2, 12, 15], "texture": "#1"},
				"east": {"uv": [12, 2, 13, 15], "texture": "#1"},
				"south": {"uv": [12, 2, 13, 15], "texture": "#1"},
				"west": {"uv": [12, 2, 13, 15], "texture": "#1"},
				"up": {"uv": [12, 2, 13, 3], "texture": "#1"},
				"down": {"uv": [12, 14, 13, 15], "texture": "#1"}
			}
		},
		{
			"name": "tp_home_5",
			"from": [8, 11, 6],
			"to": [12, 13, 7],
			"faces": {
				"north": {"uv": [12, 3, 8, 5], "texture": "#1"},
				"east": {"uv": [11, 3, 12, 5], "texture": "#1"},
				"south": {"uv": [8, 3, 12, 5], "texture": "#1"},
				"west": {"uv": [8, 3, 9, 5], "texture": "#1"},
				"up": {"uv": [8, 3, 12, 4], "texture": "#1"},
				"down": {"uv": [8, 4, 12, 5], "texture": "#1"}
			}
		},
		{
			"name": "tp_home_6",
			"from": [4, 11, 6],
			"to": [6, 12, 7],
			"faces": {
				"north": {"uv": [6, 4, 4, 5], "texture": "#1"},
				"east": {"uv": [5, 4, 6, 5], "texture": "#1"},
				"south": {"uv": [4, 4, 6, 5], "texture": "#1"},
				"west": {"uv": [4, 4, 5, 5], "texture": "#1"},
				"up": {"uv": [4, 4, 6, 5], "texture": "#1"},
				"down": {"uv": [4, 4, 6, 5], "texture": "#1"}
			}
		},
		{
			"name": "tp_home_7",
			"from": [7, 11, 6],
			"to": [8, 12, 7],
			"faces": {
				"north": {"uv": [8, 4, 7, 5], "texture": "#1"},
				"east": {"uv": [7, 4, 8, 5], "texture": "#1"},
				"south": {"uv": [7, 4, 8, 5], "texture": "#1"},
				"west": {"uv": [7, 4, 8, 5], "texture": "#1"},
				"up": {"uv": [7, 4, 8, 5], "texture": "#1"},
				"down": {"uv": [7, 4, 8, 5], "texture": "#1"}
			}
		},
		{
			"name": "tp_home_8",
			"from": [4, 1, 6],
			"to": [5, 11, 7],
			"faces": {
				"north": {"uv": [5, 5, 4, 15], "texture": "#1"},
				"east": {"uv": [4, 5, 5, 15], "texture": "#1"},
				"south": {"uv": [4, 5, 5, 15], "texture": "#1"},
				"west": {"uv": [4, 5, 5, 15], "texture": "#1"},
				"up": {"uv": [4, 5, 5, 6], "texture": "#1"},
				"down": {"uv": [4, 14, 5, 15], "texture": "#1"}
			}
		},
		{
			"name": "tp_home_9",
			"from": [13, 1, 6],
			"to": [14, 11, 7],
			"faces": {
				"north": {"uv": [14, 5, 13, 15], "texture": "#1"},
				"east": {"uv": [13, 5, 14, 15], "texture": "#1"},
				"south": {"uv": [13, 5, 14, 15], "texture": "#1"},
				"west": {"uv": [13, 5, 14, 15], "texture": "#1"},
				"up": {"uv": [13, 5, 14, 6], "texture": "#1"},
				"down": {"uv": [13, 14, 14, 15], "texture": "#1"}
			}
		},
		{
			"name": "tp_home_10",
			"from": [5, 1, 6],
			"to": [6, 10, 7],
			"faces": {
				"north": {"uv": [6, 6, 5, 15], "texture": "#1"},
				"east": {"uv": [5, 6, 6, 15], "texture": "#1"},
				"south": {"uv": [5, 6, 6, 15], "texture": "#1"},
				"west": {"uv": [5, 6, 6, 15], "texture": "#1"},
				"up": {"uv": [5, 6, 6, 7], "texture": "#1"},
				"down": {"uv": [5, 14, 6, 15], "texture": "#1"}
			}
		},
		{
			"name": "tp_home_11",
			"from": [7, 9, 6],
			"to": [11, 10, 7],
			"faces": {
				"north": {"uv": [11, 6, 7, 7], "texture": "#1"},
				"east": {"uv": [10, 6, 11, 7], "texture": "#1"},
				"south": {"uv": [7, 6, 11, 7], "texture": "#1"},
				"west": {"uv": [7, 6, 8, 7], "texture": "#1"},
				"up": {"uv": [7, 6, 11, 7], "texture": "#1"},
				"down": {"uv": [7, 6, 11, 7], "texture": "#1"}
			}
		},
		{
			"name": "tp_home_12",
			"from": [6, 7, 6],
			"to": [7, 9, 7],
			"faces": {
				"north": {"uv": [7, 7, 6, 9], "texture": "#1"},
				"east": {"uv": [6, 7, 7, 9], "texture": "#1"},
				"south": {"uv": [6, 7, 7, 9], "texture": "#1"},
				"west": {"uv": [6, 7, 7, 9], "texture": "#1"},
				"up": {"uv": [6, 7, 7, 8], "texture": "#1"},
				"down": {"uv": [6, 8, 7, 9], "texture": "#1"}
			}
		},
		{
			"name": "tp_home_13",
			"from": [8, 7, 6],
			"to": [11, 9, 7],
			"faces": {
				"north": {"uv": [11, 7, 8, 9], "texture": "#1"},
				"east": {"uv": [10, 7, 11, 9], "texture": "#1"},
				"south": {"uv": [8, 7, 11, 9], "texture": "#1"},
				"west": {"uv": [8, 7, 9, 9], "texture": "#1"},
				"up": {"uv": [8, 7, 11, 8], "texture": "#1"},
				"down": {"uv": [8, 8, 11, 9], "texture": "#1"}
			}
		},
		{
			"name": "tp_home_14",
			"from": [7, 7, 6],
			"to": [8, 8, 7],
			"faces": {
				"north": {"uv": [8, 8, 7, 9], "texture": "#1"},
				"east": {"uv": [7, 8, 8, 9], "texture": "#1"},
				"south": {"uv": [7, 8, 8, 9], "texture": "#1"},
				"west": {"uv": [7, 8, 8, 9], "texture": "#1"},
				"up": {"uv": [7, 8, 8, 9], "texture": "#1"},
				"down": {"uv": [7, 8, 8, 9], "texture": "#1"}
			}
		},
		{
			"name": "tp_home_15",
			"from": [14, 5, 6],
			"to": [15, 8, 7],
			"faces": {
				"north": {"uv": [15, 8, 14, 11], "texture": "#1"},
				"east": {"uv": [14, 8, 15, 11], "texture": "#1"},
				"south": {"uv": [14, 8, 15, 11], "texture": "#1"},
				"west": {"uv": [14, 8, 15, 11], "texture": "#1"},
				"up": {"uv": [14, 8, 15, 9], "texture": "#1"},
				"down": {"uv": [14, 10, 15, 11], "texture": "#1"}
			}
		},
		{
			"name": "tp_home_16",
			"from": [3, 1, 6],
			"to": [4, 7, 7],
			"faces": {
				"north": {"uv": [4, 9, 3, 15], "texture": "#1"},
				"east": {"uv": [3, 9, 4, 15], "texture": "#1"},
				"south": {"uv": [3, 9, 4, 15], "texture": "#1"},
				"west": {"uv": [3, 9, 4, 15], "texture": "#1"},
				"up": {"uv": [3, 9, 4, 10], "texture": "#1"},
				"down": {"uv": [3, 14, 4, 15], "texture": "#1"}
			}
		},
		{
			"name": "tp_home_17",
			"from": [6, 0, 6],
			"to": [12, 6, 7],
			"faces": {
				"north": {"uv": [12, 10, 6, 16], "texture": "#1"},
				"east": {"uv": [11, 10, 12, 16], "texture": "#1"},
				"south": {"uv": [6, 10, 12, 16], "texture": "#1"},
				"west": {"uv": [6, 10, 7, 16], "texture": "#1"},
				"up": {"uv": [6, 10, 12, 11], "texture": "#1"},
				"down": {"uv": [6, 15, 12, 16], "texture": "#1"}
			}
		},
		{
			"name": "tp_home_18",
			"from": [1, 2, 6],
			"to": [3, 5, 7],
			"faces": {
				"north": {"uv": [3, 11, 1, 14], "texture": "#1"},
				"east": {"uv": [2, 11, 3, 14], "texture": "#1"},
				"south": {"uv": [1, 11, 3, 14], "texture": "#1"},
				"west": {"uv": [1, 11, 2, 14], "texture": "#1"},
				"up": {"uv": [1, 11, 3, 12], "texture": "#1"},
				"down": {"uv": [2, 14, 4, 15], "texture": "#1"}
			}
		},
		{
			"name": "spell_back_0",
			"from": [3, 9, 5.25],
			"to": [4, 16, 6.25],
			"faces": {
				"north": {"uv": [4, 0, 3, 7], "texture": "#2"},
				"east": {"uv": [3, 0, 4, 7], "texture": "#2"},
				"south": {"uv": [3, 0, 4, 7], "texture": "#2"},
				"west": {"uv": [3, 0, 4, 7], "texture": "#2"},
				"up": {"uv": [3, 0, 4, 1], "texture": "#2"},
				"down": {"uv": [3, 6, 4, 7], "texture": "#2"}
			}
		},
		{
			"name": "spell_back_1",
			"from": [2, 12, 5.25],
			"to": [3, 15, 6.25],
			"faces": {
				"north": {"uv": [3, 1, 2, 4], "texture": "#2"},
				"east": {"uv": [2, 1, 3, 4], "texture": "#2"},
				"south": {"uv": [2, 1, 3, 4], "texture": "#2"},
				"west": {"uv": [2, 1, 3, 4], "texture": "#2"},
				"up": {"uv": [2, 1, 3, 2], "texture": "#2"},
				"down": {"uv": [2, 3, 3, 4], "texture": "#2"}
			}
		},
		{
			"name": "spell_back_2",
			"from": [4, 1, 5.25],
			"to": [12, 15, 6.25],
			"faces": {
				"north": {"uv": [12, 1, 4, 15], "texture": "#2"},
				"east": {"uv": [11, 1, 12, 15], "texture": "#2"},
				"south": {"uv": [4, 1, 12, 15], "texture": "#2"},
				"west": {"uv": [4, 1, 5, 15], "texture": "#2"},
				"up": {"uv": [4, 1, 12, 2], "texture": "#2"},
				"down": {"uv": [4, 14, 12, 15], "texture": "#2"}
			}
		},
		{
			"name": "spell_back_3",
			"from": [12, 1, 5.25],
			"to": [13, 14, 6.25],
			"faces": {
				"north": {"uv": [13, 2, 12, 15], "texture": "#2"},
				"east": {"uv": [12, 2, 13, 15], "texture": "#2"},
				"south": {"uv": [12, 2, 13, 15], "texture": "#2"},
				"west": {"uv": [12, 2, 13, 15], "texture": "#2"},
				"up": {"uv": [12, 2, 13, 3], "texture": "#2"},
				"down": {"uv": [12, 14, 13, 15], "texture": "#2"}
			}
		},
		{
			"name": "spell_back_4",
			"from": [13, 1, 5.25],
			"to": [14, 11, 6.25],
			"faces": {
				"north": {"uv": [14, 5, 13, 15], "texture": "#2"},
				"east": {"uv": [13, 5, 14, 15], "texture": "#2"},
				"south": {"uv": [13, 5, 14, 15], "texture": "#2"},
				"west": {"uv": [13, 5, 14, 15], "texture": "#2"},
				"up": {"uv": [13, 5, 14, 6], "texture": "#2"},
				"down": {"uv": [13, 14, 14, 15], "texture": "#2"}
			}
		},
		{
			"name": "spell_back_5",
			"from": [14, 5, 5.25],
			"to": [15, 8, 6.25],
			"faces": {
				"north": {"uv": [15, 8, 14, 11], "texture": "#2"},
				"east": {"uv": [14, 8, 15, 11], "texture": "#2"},
				"south": {"uv": [14, 8, 15, 11], "texture": "#2"},
				"west": {"uv": [14, 8, 15, 11], "texture": "#2"},
				"up": {"uv": [14, 8, 15, 9], "texture": "#2"},
				"down": {"uv": [14, 10, 15, 11], "texture": "#2"}
			}
		},
		{
			"name": "spell_back_6",
			"from": [3, 1, 5.25],
			"to": [4, 7, 6.25],
			"faces": {
				"north": {"uv": [4, 9, 3, 15], "texture": "#2"},
				"east": {"uv": [3, 9, 4, 15], "texture": "#2"},
				"south": {"uv": [3, 9, 4, 15], "texture": "#2"},
				"west": {"uv": [3, 9, 4, 15], "texture": "#2"},
				"up": {"uv": [3, 9, 4, 10], "texture": "#2"},
				"down": {"uv": [3, 14, 4, 15], "texture": "#2"}
			}
		},
		{
			"name": "spell_back_7",
			"from": [1, 2, 5.25],
			"to": [3, 5, 6.25],
			"faces": {
				"north": {"uv": [3, 11, 1, 14], "texture": "#2"},
				"east": {"uv": [2, 11, 3, 14], "texture": "#2"},
				"south": {"uv": [1, 11, 3, 14], "texture": "#2"},
				"west": {"uv": [1, 11, 2, 14], "texture": "#2"},
				"up": {"uv": [1, 11, 3, 12], "texture": "#2"},
				"down": {"uv": [1, 13, 3, 14], "texture": "#2"}
			}
		},
		{
			"name": "spell_back_8",
			"from": [2, 1, 5.25],
			"to": [3, 2, 6.25],
			"faces": {
				"north": {"uv": [3, 14, 2, 15], "texture": "#2"},
				"east": {"uv": [2, 14, 3, 15], "texture": "#2"},
				"south": {"uv": [2, 14, 3, 15], "texture": "#2"},
				"west": {"uv": [2, 14, 3, 15], "texture": "#2"},
				"up": {"uv": [2, 14, 3, 15], "texture": "#2"},
				"down": {"uv": [2, 14, 3, 15], "texture": "#2"}
			}
		},
		{
			"name": "spell_back_9",
			"from": [6, 0, 5.25],
			"to": [12, 1, 6.25],
			"faces": {
				"north": {"uv": [12, 15, 6, 16], "texture": "#2"},
				"east": {"uv": [11, 15, 12, 16], "texture": "#2"},
				"south": {"uv": [6, 15, 12, 16], "texture": "#2"},
				"west": {"uv": [6, 15, 7, 16], "texture": "#2"},
				"up": {"uv": [6, 15, 12, 16], "texture": "#2"},
				"down": {"uv": [6, 15, 12, 16], "texture": "#2"}
			}
		},
		{
			"name": "tp_home_cross_0",
			"from": [7, 12, 5.375],
			"to": [8, 13, 6.375],
			"faces": {
				"north": {"uv": [7, 4, 6, 5], "texture": "#3"},
				"east": {"uv": [6, 4, 7, 5], "texture": "#3"},
				"south": {"uv": [6, 4, 7, 5], "texture": "#3"},
				"west": {"uv": [6, 4, 7, 5], "texture": "#3"},
				"up": {"uv": [6, 4, 7, 5], "texture": "#3"},
				"down": {"uv": [6, 4, 7, 5], "texture": "#3"}
			}
		},
		{
			"name": "tp_home_cross_1",
			"from": [6, 9, 5.375],
			"to": [7, 12, 6.375],
			"faces": {
				"north": {"uv": [6, 5, 5, 8], "texture": "#3"},
				"east": {"uv": [5, 5, 6, 8], "texture": "#3"},
				"south": {"uv": [5, 5, 6, 8], "texture": "#3"},
				"west": {"uv": [5, 5, 6, 8], "texture": "#3"},
				"up": {"uv": [5, 5, 6, 6], "texture": "#3"},
				"down": {"uv": [5, 7, 6, 8], "texture": "#3"}
			}
		},
		{
			"name": "tp_home_cross_2",
			"from": [5, 10, 5.375],
			"to": [6, 11, 6.375],
			"faces": {
				"north": {"uv": [5, 6, 4, 7], "texture": "#3"},
				"east": {"uv": [4, 6, 5, 7], "texture": "#3"},
				"south": {"uv": [4, 6, 5, 7], "texture": "#3"},
				"west": {"uv": [4, 6, 5, 7], "texture": "#3"},
				"up": {"uv": [4, 6, 5, 7], "texture": "#3"},
				"down": {"uv": [4, 6, 5, 7], "texture": "#3"}
			}
		},
		{
			"name": "tp_home_cross_3",
			"from": [7, 10, 5.375],
			"to": [12, 11, 6.375],
			"faces": {
				"north": {"uv": [11, 6, 6, 7], "texture": "#3"},
				"east": {"uv": [10, 6, 11, 7], "texture": "#3"},
				"south": {"uv": [6, 6, 11, 7], "texture": "#3"},
				"west": {"uv": [6, 6, 7, 7], "texture": "#3"},
				"up": {"uv": [6, 6, 11, 7], "texture": "#3"},
				"down": {"uv": [6, 6, 11, 7], "texture": "#3"}
			}
		},
		{
			"name": "tp_home_cross_4",
			"from": [11, 6, 5.375],
			"to": [12, 10, 6.375],
			"faces": {
				"north": {"uv": [11, 7, 10, 11], "texture": "#3"},
				"east": {"uv": [10, 7, 11, 11], "texture": "#3"},
				"south": {"uv": [10, 7, 11, 11], "texture": "#3"},
				"west": {"uv": [10, 7, 11, 11], "texture": "#3"},
				"up": {"uv": [10, 7, 11, 8], "texture": "#3"},
				"down": {"uv": [10, 10, 11, 11], "texture": "#3"}
			}
		},
		{
			"name": "tp_home_cross_5",
			"from": [7, 8, 5.375],
			"to": [8, 9, 6.375],
			"faces": {
				"north": {"uv": [7, 8, 6, 9], "texture": "#3"},
				"east": {"uv": [6, 8, 7, 9], "texture": "#3"},
				"south": {"uv": [6, 8, 7, 9], "texture": "#3"},
				"west": {"uv": [6, 8, 7, 9], "texture": "#3"},
				"up": {"uv": [6, 8, 7, 9], "texture": "#3"},
				"down": {"uv": [6, 8, 7, 9], "texture": "#3"}
			}
		},
		{
			"name": "tp_home_cross_6",
			"from": [6, 6, 5.375],
			"to": [11, 7, 6.375],
			"faces": {
				"north": {"uv": [10, 10, 5, 11], "texture": "#3"},
				"east": {"uv": [9, 10, 10, 11], "texture": "#3"},
				"south": {"uv": [5, 10, 10, 11], "texture": "#3"},
				"west": {"uv": [5, 10, 6, 11], "texture": "#3"},
				"up": {"uv": [5, 10, 10, 11], "texture": "#3"},
				"down": {"uv": [5, 10, 10, 11], "texture": "#3"}
			}
		},
		{
			"name": "tp_home_down_part_0",
			"from": [1, 2, 6.75],
			"to": [9, 5, 7.75],
			"faces": {
				"north": {"uv": [9, 11, 1, 14], "texture": "#1"},
				"east": {"uv": [8, 11, 9, 14], "texture": "#1"},
				"south": {"uv": [1, 11, 9, 14], "texture": "#1"},
				"west": {"uv": [1, 11, 2, 14], "texture": "#1"},
				"up": {"uv": [1, 11, 9, 12], "texture": "#1"},
				"down": {"uv": [2, 14, 10, 15], "texture": "#1"}
			}
		},
		{
			"name": "tp_home_down_part_1",
			"from": [9, 0, 6.75],
			"to": [11, 4, 7.75],
			"faces": {
				"north": {"uv": [11, 12, 9, 16], "texture": "#1"},
				"east": {"uv": [10, 12, 11, 16], "texture": "#1"},
				"south": {"uv": [9, 12, 11, 16], "texture": "#1"},
				"west": {"uv": [9, 12, 10, 16], "texture": "#1"},
				"up": {"uv": [9, 12, 11, 13], "texture": "#1"},
				"down": {"uv": [9, 15, 11, 16], "texture": "#1"}
			}
		},
		{
			"name": "tp_home_down_part_2",
			"from": [3, 1, 6.75],
			"to": [9, 2, 7.75],
			"faces": {
				"north": {"uv": [9, 14, 3, 15], "texture": "#1"},
				"east": {"uv": [8, 14, 9, 15], "texture": "#1"},
				"south": {"uv": [3, 14, 9, 15], "texture": "#1"},
				"west": {"uv": [3, 14, 4, 15], "texture": "#1"},
				"up": {"uv": [3, 14, 9, 15], "texture": "#1"},
				"down": {"uv": [3, 14, 9, 15], "texture": "#1"}
			}
		},
		{
			"name": "tp_home_down_part_3",
			"from": [6, 0, 6.75],
			"to": [9, 1, 7.75],
			"faces": {
				"north": {"uv": [9, 15, 6, 16], "texture": "#1"},
				"east": {"uv": [8, 15, 9, 16], "texture": "#1"},
				"south": {"uv": [6, 15, 9, 16], "texture": "#1"},
				"west": {"uv": [6, 15, 7, 16], "texture": "#1"},
				"up": {"uv": [6, 15, 9, 16], "texture": "#1"},
				"down": {"uv": [6, 15, 9, 16], "texture": "#1"}
			}
		}
	],
	"gui_light": "front",
	"display": {
		"thirdperson_righthand": {
			"translation": [0, 2.25, 1.75],
			"scale": [0.8, 0.8, 0.8]
		},
		"thirdperson_lefthand": {
			"translation": [0, 0, 1],
			"scale": [0.8, 0.8, 0.8]
		},
		"firstperson_righthand": {
			"rotation": [-15, 0, 0],
			"translation": [1.5, 3.25, 0],
			"scale": [0.9, 0.9, 0.9]
		},
		"firstperson_lefthand": {
			"translation": [0, 2, 0],
			"scale": [0.9, 0.9, 0.9]
		},
		"ground": {
			"translation": [0, 0.75, 0],
			"scale": [0.6, 0.6, 0.6]
		},
		"head": {
			"rotation": [-90, 0, 180],
			"translation": [0, 9.25, 0.75]
		},
		"fixed": {
			"rotation": [180, 0, 180],
			"translation": [0, 0, -1.75]
		}
	},
	"groups": [
		{
			"name": "tp_home",
			"origin": [8, 8, 8],
			"color": 0,
			"children": [0, 1, 2, 3, 4, 5, 6, 7, 8, 9, 10, 11, 12, 13, 14, 15, 16, 17, 18]
		},
		{
			"name": "spell_back",
			"origin": [8, 8, 8],
			"color": 0,
			"children": [19, 20, 21, 22, 23, 24, 25, 26, 27, 28]
		},
		{
			"name": "tp_home_cross",
			"origin": [8, 8, 8],
			"color": 0,
			"children": [29, 30, 31, 32, 33, 34, 35]
		},
		{
			"name": "tp_home_down_part",
			"origin": [8, 8, 8],
			"color": 0,
			"children": [36, 37, 38, 39]
		}
	]
}