[
    {
        "function": "set_nbt",
        "tag": "{HideFlags:40,UISpaceHolder:'null',shell:{dynamic:{}},CanDestroy:['#game:breakable']}"
    },
    {
        "function": "copy_nbt",
        "source": {
            "type": "storage",
            "source": "run"
        },
        "ops": [
            {
                "op": "replace",
                "source": "run[0].Sell.display",
                "target": "display"
            },
            {
                "op": "append",
                "source": "run[0].AppendLore[]",
                "target": "display.Lore"
            },
            {
                "op": "replace",
                "source": "run[0].Sell.Enchantments",
                "target": "Enchantments"
            },
            {
                "op": "replace",
                "source": "run[0].Sell.CustomModelData",
                "target": "CustomModelData"
            },
            {
                "op": "replace",
                "source": "run[0].Sell.custom_potion_effects",
                "target": "custom_potion_effects"
            },
            {
                "op": "replace",
                "source": "run[0].CustomPotionColor",
                "target": "CustomPotionColor"
            },
            {
                "op": "replace",
                "source": "run[0].Sell.RawJSON",
                "target": "RawJSON"
            }
        ]
    },
    {
        "function": "set_name",
        "entity": "this",
        "name": {"nbt":"genName.use","interpret": true,"storage": "run"}
    },
    {
        "function": "set_lore",
        "entity": "this",
        "lore": [
            {"nbt":"genLore[0]","interpret": true,"storage": "run"},
            {"nbt":"genLore[1]","interpret": true,"storage": "run"},
            {"nbt":"genLore[2]","interpret": true,"storage": "run"}
        ]
    },
    {
        "function": "set_lore",
        "entity": "this",
        "lore": [
            {"nbt":"genLore[3]","interpret": true,"storage": "run"}
        ],
        "conditions": [
            {
                "condition": "value_check",
                "value": {"type": "score","score": "calculator","target": {"type": "fixed","name": "#loreCount"}},
                "range": {"min": 4}
            }
        ]
    },
    {
        "function": "set_lore",
        "entity": "this",
        "lore": [
            {"nbt":"genLore[4]","interpret": true,"storage": "run"}
        ],
        "conditions": [
            {
                "condition": "value_check",
                "value": {"type": "score","score": "calculator","target": {"type": "fixed","name": "#loreCount"}},
                "range": {"min": 5}
            }
        ]
    },
    {
        "function": "set_lore",
        "entity": "this",
        "lore": [
            {"nbt":"genLore[5]","interpret": true,"storage": "run"}
        ],
        "conditions": [
            {
                "condition": "value_check",
                "value": {"type": "score","score": "calculator","target": {"type": "fixed","name": "#loreCount"}},
                "range": {"min": 6}
            }
        ]
    },
    {
        "function": "set_lore",
        "entity": "this",
        "lore": [
            {"nbt":"genLore[6]","interpret": true,"storage": "run"}
        ],
        "conditions": [
            {
                "condition": "value_check",
                "value": {"type": "score","score": "calculator","target": {"type": "fixed","name": "#loreCount"}},
                "range": {"min": 7}
            }
        ]
    },
    {
        "function": "set_lore",
        "entity": "this",
        "lore": [
            {"nbt":"genLore[7]","interpret": true,"storage": "run"}
        ],
        "conditions": [
            {
                "condition": "value_check",
                "value": {"type": "score","score": "calculator","target": {"type": "fixed","name": "#loreCount"}},
                "range": {"min": 8}
            }
        ]
    },
    {
        "function": "set_lore",
        "entity": "this",
        "lore": [
            {"nbt":"genLore[8]","interpret": true,"storage": "run"}
        ],
        "conditions": [
            {
                "condition": "value_check",
                "value": {"type": "score","score": "calculator","target": {"type": "fixed","name": "#loreCount"}},
                "range": {"min": 9}
            }
        ]
    }
]