{
    "type": "command",
    "pools": [
        {
            "rolls": 1,
            "entries": [
                {
                    "type": "alternatives",
                    "children": [
                        {
                            "type": "item",
                            "name": "lime_stained_glass_pane",
                            "conditions": [
                                {
                                    "condition": "value_check",
                                    "value": {"target": {"name": "magic_occult","type": "fixed"},"type": "score","score": "calculator"},
                                    "range": {"min":3}
                                }
                            ],
                            "functions": [
                                {
                                    "function": "set_nbt",
                                    "tag": "{UISpaceHolder:1b,CustomModelData:2}"
                                },
                                {
                                    "function": "set_name",
                                    "entity": "this",
                                    "name": {"translate":"state","with":["III",{"translate":"对自身的信仰","color": "gold"}],"color": "green","italic": false}
                                },
                                {
                                    "function": "set_lore",
                                    "entity": "this",
                                    "lore": [
                                        "",
                                        {"translate":"unlocked"}
                                    ]
                                }
                            ]
                        },
                        {
                            "type": "item",
                            "name": "yellow_stained_glass_pane",
                            "conditions": [
                                {
                                    "condition": "value_check",
                                    "value": {"target": {"name": "magic_occult","type": "fixed"},"type": "score","score": "calculator"},
                                    "range": 2
                                }
                            ],
                            "functions": [
                                {
                                    "function": "set_nbt",
                                    "tag": "{ui:{id:\"magic\"},Enchantments:[{}],CustomModelData:2}"
                                },
                                {
                                    "function": "set_name",
                                    "entity": "this",
                                    "name": {"translate":"state","with":["III",{"translate":"对自身的信仰","color": "gold"}],"color": "green","italic": false}
                                },
                                {
                                    "function": "set_lore",
                                    "entity": "this",
                                    "lore": [
                                        "",
                                        {"translate":"price"},
                                        {"translate":"gold","with": [
                                            {
                                                "text": "§a 12"
                                            }
                                            ]},
                                            {"translate":"lapis","with": [
                                            {
                                                "text": "§a 12"
                                            }
                                            ]},
                                            {"translate":"diamond","with": [
                                            {
                                                "text": "§a 12"
                                            }
                                            ]},
                                            {"translate":"netherite","with": [
                                            [" ",
                                            {
                                                "score": {"name": "techNetherite","objective": "calculator"},
                                                "color": "dark_red","italic":false
                                            }]
                                            ]},
                                        "",
                                        {"translate":"to_unlock"},
                                        {"translate":"mob+","color":"aqua"},
                                        {"translate":"potions+","color":"aqua"},
                                        {"translate":"enchant+","color":"aqua"},
                                        {"translate":"beam+","color":"aqua","italic": false},
                                        [{"text": "> ","color":"aqua","italic": false},{"translate":"反胃退散"}],
                                        {"translate":"crystal+1","color":"aqua","italic": false},
                                        {"translate":"more...","color":"aqua","italic": false},
                                        {"nbt":"text.buy","interpret": true,"storage":"game:shop"}
                                    ]
                                }
                            ]
                        },
                        {
                            "type": "item",
                            "name": "red_stained_glass_pane",
                            "functions": [
                                {
                                    "function": "set_nbt",
                                    "tag": "{UISpaceHolder:1b,CustomModelData:2}"
                                },
                                {
                                    "function": "set_name",
                                    "entity": "this",
                                    "name": {"text":"???","color": "red","italic": false}
                                },
                                {
                                    "function": "set_lore",
                                    "entity": "this",
                                    "lore": [
                                        "",
                                        {"translate":"locked"}
                                    ]
                                }
                            ]
                        }
                    ]
                }
            ]
        }
    ]
}