{
    "event.final.countdown": {
        "replace":false,
        "sounds": [
            {
                "name":"arrow:mixkit-start-countdown",
                "volume": 1.0,
                "pitch": 1.0,
                "stream": false
            }
        ]
    },
    "event.game_waiting": {
        "replace":false,
        "sounds": [
            {
                "name":"arrow:mixkit-game-show-suspense-waiting-667",
                "volume": 0.35,
                "pitch": 0.9,
                "stream": false
            }
        ]
    },
    "alarm.friendly": {
        "replace":false,
        "sounds": [
            {
                "name":"arrow:mixkit-software-interface-remove-2576",
                "volume": 1.0,
                "pitch": 1.0,
                "stream": false
            }
        ]
    },
    "alarm.over_half": {
        "replace":false,
        "sounds": [
            {
                "name":"arrow:mixkit-industry-alarm-tone-2979",
                "volume": 1.0,
                "pitch": 1.0,
                "stream": false
            }
        ]
    },
    "alarm.enemy": {
        "replace":false,
        "sounds": [
            {
                "name":"arrow:mixkit-double-beep-tone-alert-2868",
                "volume": 2.0,
                "pitch": 0.6,
                "stream": false
            }
        ]
    },
    "event.draw": {
        "replace":false,
        "sounds": [
            {
                "name":"arrow:mixkit-ominous-drums-227",
                "volume": 1.0,
                "pitch": 1.0,
                "stream": false
            }
        ]
    },
    "event.game_over": {
        "replace":false,
        "sounds": [
            {
                "name":"arrow:mixkit-melodic-church-bell-617",
                "volume": 0.9,
                "pitch": 1.0,
                "stream": false
            }
        ]
    },
    "event.final.hint": {
        "replace":false,
        "sounds": [
            {
                "name":"arrow:mixkit-ominous-drums-appear-228",
                "volume": 1.0,
                "pitch": 1.0,
                "stream": false
            }
        ]
    },
    "event.final.30s":{
        "replace":false,
        "sounds": [
            {
                "name":"arrow:mixkit-tick-tock-clock-close-up-1059",
                "volume": 1.0,
                "pitch": 1.0,
                "stream": true
            }
        ]
    },
    "event.laser_beem":{
        "replace":false,
        "sounds": [
            {
                "name":"arrow:laser-14729",
                "volume": 1.0,
                "pitch": 1.0
            }
        ]
    },
    "event.animate_netherite":{
        "replace":false,
        "sounds": [
            {
                "name":"arrow:mixkit-church-bell-indoor-628tir",
                "volume": 1.0,
                "pitch": 1.0
            }
        ]
    },
    "event.fixed_sound_backup":{
        "replace":false,
        "sounds": [
            {
                "name":"arrow:mixkit-tape-measure-extend-810",
                "volume": 1.0,
                "pitch": 1.0
            }
        ]
    },
    "event.unlock":{
        "replace":false,
        "sounds": [
            {
                "name":"arrow:mixkit-unlock-game-notification-253",
                "volume": 1.0,
                "pitch": 1.0
            }
        ]
    },
    "event.stream_coins":{
        "replace":false,
        "sounds": [
            {
                "name":"arrow:mixkit-payout-award-1934",
                "volume": 1.0,
                "pitch": 1.0
            }
        ]
    },
    "event.lose":{
        "replace":false,
        "sounds": [
            {
                "name":"arrow:mixkit-fail-drum-and-bells-571",
                "volume": 1.0,
                "pitch": 1.0
            }
        ]
    },
    "event.win":{
        "replace":false,
        "sounds": [
            {
                "name":"arrow:mixkit-orchestra-positive-finish-695",
                "volume": 1.0,
                "pitch": 1.0
            }
        ]
    },
    "arrow_hit.corpse_ball_invitation":{
        "replace":false,
        "sounds": [
            {
                "name":"arrow:corpse_ball_invitation",
                "volume": 1.0,
                "pitch": 1.0
            }
        ]
    },
    "event.final":{
        "replace":false,
        "sounds": [
            {
                "name":"arrow:bang-140381",
                "volume": 0.4,
                "pitch": 1.0
            }
        ]
    },
    "gamemode.relax":{
        "replace":false,
        "sounds": [
            {
                "name":"arrow:gamemode/relax",
                "volume": 0.51,
                "pitch": 1.0
            }
        ]
    },
    "gamemode.uhc":{
        "replace":false,
        "sounds": [
            {
                "name":"arrow:gamemode/uhc",
                "volume": 0.43,
                "pitch": 1.0
            }
        ]
    },
    "gamemode.thunder":{
        "replace":false,
        "sounds": [
            {
                "name":"arrow:gamemode/thunder",
                "volume": 0.6,
                "pitch": 1.0
            }
        ]
    },
    "gamemode.villager":{
        "replace":false,
        "sounds": [
            {
                "name":"arrow:gamemode/villager",
                "volume": 0.83,
                "pitch": 1.0
            }
        ]
    },
    "gamemode.elimination":{
        "replace":false,
        "sounds": [
            {
                "name":"arrow:gamemode/elimination",
                "volume": 0.5,
                "pitch": 1.0
            }
        ]
    },
    "item.star":{
        "replace":false,
        "sounds": [
            {
                "name":"arrow:powerful_mario",
                "volume": 0.5,
                "pitch": 1.0
            }
        ]
    },
    "item.crystal_marker":{
        "replace":false,
        "sounds": [
            {
                "name":"arrow:metal-whoosh-hit-12-202179",
                "volume": 1,
                "pitch": 0.4
            }
        ]
    }
}