{
    "parent": "minecraft:item/generated",
    "textures": {
      "layer0": "minecraft:item/paper"
    },
    "overrides": [
        {"predicate": {"custom_model_data": 1},"model": "arrow:buttons/dots"},  
        {"predicate": {"custom_model_data": 10},"model": "arrow:tech/metal_0"},
        {"predicate": {"custom_model_data": 11},"model": "arrow:tech/metal_1"},
        {"predicate": {"custom_model_data": 12},"model": "arrow:tech/metal_2"},
        {"predicate": {"custom_model_data": 13},"model": "arrow:tech/metal_3"},
        {"predicate": {"custom_model_data": 20},"model": "arrow:tech/supply_0"},
        {"predicate": {"custom_model_data": 21},"model": "arrow:tech/supply_1"},
        {"predicate": {"custom_model_data": 22},"model": "arrow:tech/supply_2"},
        {"predicate": {"custom_model_data": 23},"model": "arrow:tech/supply_3"},
        {"predicate": {"custom_model_data": 60},"model": "arrow:tech/magic_0"},
        {"predicate": {"custom_model_data": 61},"model": "arrow:tech/magic_1"},
        {"predicate": {"custom_model_data": 62},"model": "arrow:tech/magic_2"},
        {"predicate": {"custom_model_data": 63},"model": "arrow:tech/magic_3"},

        {"predicate": {"custom_model_data": 1001},"model": "arrow:upgrade/new_crystal"},
        {"predicate": {"custom_model_data": 1002},"model": "arrow:upgrade/beem"},
        {"predicate": {"custom_model_data": 1003},"model": "arrow:buff/no_nausea"},
        {"predicate": {"custom_model_data": 1004},"model": "arrow:buff/creeper_storm"}
        
    ]
  }