{
    "type": "command",
    "pools": [
        {
            "rolls": 1,
            "entries": [
                {
                    "type": "item",
                    "name": "written_book",
    "functions": [

{
    "function": "set_nbt",
    "tag": "{isSettingBook:1b,author:'System',Unbreakable:1b,generation:3,title:'?'}"
}


    ]
                }
            ]
        }
    ],
    "functions": [

{
    "function": "set_name",
    "name": {"translate":"op.book","italic": false,"color": "gold"}
},
{
    "function": "copy_nbt",
    "source": {
        "type": "storage",
        "source": "developer:book"
    },
    "ops": [
        {
            "op": "append",
            "source": "text[]",
            "target": "pages"
        }
    ]
}


    ]
}