{
    "criteria": {
        "hurt_by":{
            "trigger": "entity_hurt_player",
            "conditions": {}
        },
        "fall":{
            "trigger": "fall_from_height",
            "conditions": {
                "distance": {
                    "absolute": {
                        "min": 10.0
                    }
                }
            }
        }
    },
    "rewards": {
        "function": "game:utility/below_name/advancement"
    },
    "requirements": [
        [
            "hurt_by",
            "fall"
        ]
    ]
}