{
    "type": "command",
    "pools": [
        {
            "rolls": 1,
            "entries": [
                {
                    "type": "alternatives",
                    "children": [
                        {
                            "type": "item",
                            "name": "potion",
                            "functions": [
                                {
                                    "function": "set_nbt",
                                    "tag": "{custom_potion_effects:[{id:'regeneration',duration:240,amplifier:0b}],CustomPotionColor:16210415,display:{Name:'{\"translate\":\"item.minecraft.potion.effect.regeneration\",\"color\":\"green\",\"italic\":false}'}}"
                                }
                            ],
                            "conditions": [
                                {"condition": "value_check",
                                    "value": {"type": "score","score": "calculator","target": {"type": "fixed","name": "magic_occult"}},
                                    "range": {"min": 3}},
                                    {"condition": "value_check",
                                    "value": {"type": "score","score": "Data","target": {"type": "fixed","name": "GameMode"}},
                                    "range": 1}]
                        },
                        {
                            "type": "item",
                            "name": "potion",
                            "functions": [
                                {
                                    "function": "set_nbt",
                                    "tag": "{custom_potion_effects:[{id:'regeneration',duration:160,amplifier:0b}],CustomPotionColor:16210415,display:{Name:'{\"translate\":\"item.minecraft.potion.effect.regeneration\",\"color\":\"green\",\"italic\":false}'}}"
                                }
                            ],
                            "conditions": [
                                {"condition": "value_check",
                                    "value": {"type": "score","score": "calculator","target": {"type": "fixed","name": "magic_occult"}},
                                    "range": {"min": 2}},
                                    {"condition": "value_check",
                                    "value": {"type": "score","score": "Data","target": {"type": "fixed","name": "GameMode"}},
                                    "range": 1}
                                ]
                        },
                        {
                            "type": "item",
                            "name": "potion",
                            "functions": [
                                {
                                    "function": "set_nbt",
                                    "tag": "{custom_potion_effects:[{id:'regeneration',duration:100,amplifier:0b}],CustomPotionColor:16210415,display:{Name:'{\"translate\":\"item.minecraft.potion.effect.regeneration\",\"color\":\"green\",\"italic\":false}'}}"
                                }
                            ],
                            "conditions": [
                                {"condition": "value_check",
                                    "value": {"type": "score","score": "calculator","target": {"type": "fixed","name": "magic_occult"}},
                                    "range": {"min": 1}},
                                    {"condition": "value_check",
                                    "value": {"type": "score","score": "Data","target": {"type": "fixed","name": "GameMode"}},
                                    "range": 1}]
                        },
                        
                        {
                            "type": "item",
                            "name": "potion",
                            "functions": [
                                {
                                    "function": "set_nbt",
                                    "tag": "{custom_potion_effects:[{id:'regeneration',duration:840,amplifier:0b}],CustomPotionColor:16210415,display:{Name:'{\"translate\":\"item.minecraft.potion.effect.regeneration\",\"color\":\"green\",\"italic\":false}'}}"
                                }
                            ],
                            "conditions": [
                                {"condition": "value_check",
                                    "value": {"type": "score","score": "calculator","target": {"type": "fixed","name": "magic_occult"}},
                                    "range": {"min": 3}}]
                        },
                        {
                            "type": "item",
                            "name": "potion",
                            "functions": [
                                {
                                    "function": "set_nbt",
                                    "tag": "{custom_potion_effects:[{id:'regeneration',duration:620,amplifier:0b}],CustomPotionColor:16210415,display:{Name:'{\"translate\":\"item.minecraft.potion.effect.regeneration\",\"color\":\"green\",\"italic\":false}'}}"
                                }
                            ],
                            "conditions": [
                                {"condition": "value_check",
                                    "value": {"type": "score","score": "calculator","target": {"type": "fixed","name": "magic_occult"}},
                                    "range": {"min": 2}}
                                ]
                        },
                        {
                            "type": "item",
                            "name": "potion",
                            "functions": [
                                {
                                    "function": "set_nbt",
                                    "tag": "{custom_potion_effects:[{id:'regeneration',duration:400,amplifier:0b}],CustomPotionColor:16210415,display:{Name:'{\"translate\":\"item.minecraft.potion.effect.regeneration\",\"color\":\"green\",\"italic\":false}'}}"
                                }
                            ],
                            "conditions": [
                                {"condition": "value_check",
                                    "value": {"type": "score","score": "calculator","target": {"type": "fixed","name": "magic_occult"}},
                                    "range": {"min": 1}}]
                        }
                    ]
                }
            ]
        }
    ],
    "functions": [
        {
            "function": "set_nbt",
            "tag":"{CanDestroy:[\"#game:breakable\"],HideFlags:8}"
        }
    ]
}