{
    "type": "command",
    "pools": [
        {
            "rolls": 1,
            "entries": [
                {
                    "type": "minecraft:item",
                    "name": "minecraft:golden_shovel"
                }
            ]
        }
    ],
    "functions": [
        {
            "function": "set_nbt",
            "tag": "{CanDestroy:[\"#game:breakable\"],HideFlags:8,gameItem:{id:\"gold_shovel\"}}"
        },
        {
            "function": "set_enchantments",
            "enchantments": {
                "efficiency" :{
                    "type": "score",
                    "target": {
                        "type": "fixed",
                        "name": "efficiency"
                    },
                    "score": "calculator"
                }
            }
        },
        {
            "function": "set_enchantments",
            "enchantments": {
                "unbreaking" : 2
            }
        },
        {
            "function": "set_enchantments",
            "enchantments": {
                "unbreaking" : 3
            },
            "conditions": [
                {
                    "condition": "value_check",
                    "value": {
                        "type": "score",
                        "target": {
                            "type": "fixed",
                            "name": "efficiency"
                        },
                        "score": "calculator"
                    },
                    "range": {"min": 3}
                }
            ]
        }
    ]
}