{
    "type": "command",
    "pools": [
        {
            "rolls": 1,
            "entries": [
                {
                    "type": "item",
                    "name": "warped_fungus_on_a_stick"
                }
            ]
        }
    ],
    "functions": [
        {
            "function": "set_name",
            "entity": "this",
            "name": {"translate":"item.mine","color": "blue","italic": false}
        },
        {
            "function": "set_lore",
            "entity": "this",
            "lore": [
                "",
                {"translate":"item.mine.1","color":"gray","italic":false},
                {"translate":"item.mine.2","color":"gray","italic":false},
                {"translate":"item.mine.3","color":"gray","italic":false},
                {"translate":"item.mine.4","color":"gray","italic":false},
                "",
                {"keybind":"key.use","color": "green","italic": false}
            ]
        },
        {
            "function": "set_nbt",
            "tag": "{CustomModelData:11,warped_stick:{id:'mine'},right_click:1b,CanDestroy:[\"#game:breakable\"],HideFlags:8,gameItem:{id:\"mine\"}}"
        }
    ]
}