{
    "type": "command",
    "pools": [
        {
            "rolls": 1,
            "entries": [
                {
                    "type": "item",
                    "name": "warped_fungus_on_a_stick"
                }
            ]
        }
    ],
    "functions": [
        {
            "function": "set_name",
            "entity": "this",
            "name": {"translate":"item.power_star","color": "gold","italic": false}
        },
        {
            "function": "set_lore",
            "entity": "this",
            "lore": [
                "",
                {"translate":"item.power_star.1","color":"gray","italic":false},
                {"translate":"item.power_star.2","color":"gray","italic":false},
                {"translate":"item.power_star.3","color":"gray","italic":false},
                "",
                {"keybind":"key.use","color": "green","italic": false}
            ]
        },
        {
            "function": "set_nbt",
            "tag": "{CustomModelData:15,warped_stick:{id:'power_star'},right_click:1b,CanDestroy:[\"#game:breakable\"],HideFlags:8,gameItem:{id:\"power_star\"},Enchantments:[{}]}"
        }
    ]
}