{
    "type": "command",
    "pools": [
        {
            "rolls": 1,
            "entries": [
                {
                    "type": "item",
                    "name": "tipped_arrow",
                    "functions": [
                        {
                            "function": "set_nbt",
                            "tag": "{CustomModelData:707,custom_potion_effects:[{id:'minecraft:hero_of_the_village',amplifier:7b},{id:'minecraft:unluck',amplifier:7b}],CustomPotionColor:11075978,HideFlags:40,CanDestroy:[\"#game:breakable\"]}"
                        },
                        {
                            "function": "set_count",
                            "count": 2
                        },
                        {
                            "function":"set_name",
                            "entity": "this",
                            "name": {"translate": "arrow.tp_wizard","color": "gold","italic": false}
                        },
                        {
                            "function": "set_lore",
                            "entity": "this",
                            "lore": [
                                "",
                                {"translate":"arrow.tp_wizard.1","color":"gray","italic":false},
                                {"translate":"arrow.tp_wizard.2","color":"gray","italic":false},
                                {"translate":"arrow.tp_wizard.3","color":"gray","italic":false}

                            ]
                        }
                    ]
                }
            ]
        }
    ]
}