{
    "type": "command",
    "pools": [
        {
            "rolls": 1,
            "entries": [
                {
                    "type": "item",
                    "name": "netherite_axe"
                }
            ]
        }
    ],
    "functions": [
        {
            "function": "set_name",
            "entity": "this",
            "name": {"translate":"item.type_wipe","color": "gold","italic": false}
        },
        {
            "function": "set_lore",
            "entity": "this",
            "lore": [
                "",
                {"translate":"item.type_wipe.1","color":"gray","italic":false},
                {"translate":"item.type_wipe.2","color":"gray","italic":false},
                {"translate":"item.type_wipe.3","color":"gray","italic":false},
                {"translate":"item.type_wipe.4","color":"gold","italic":false},
                {"translate":"item.type_wipe.5","color":"red","italic":false},
                {"translate":"item.type_wipe.6","color":"red","italic":false}
            ]
        },
        {
            "function": "set_nbt",
            "tag": "{CustomModelData:2,HideFlags:255,gameItem:{id:\"type_wipe\"},CanDestroy:['#game:breakable'],Unbreakable:1b}"
        },
        {
            "function": "minecraft:set_attributes",
            "modifiers": [
              {
                "attribute": "minecraft:generic.movement_speed",
                "name": "Type Wipe",
                "amount": -1,
                "operation": "multiply_total",
                "id": "be670c41-9966-4586-8352-f61af8c1381c",
                "slot": "mainhand"
              },
              {
                "attribute": "minecraft:generic.attack_speed",
                "name": "Type Wipe",
                "amount": -3.6,
                "operation": "addition",
                "id": "be670c41-9966-4586-8352-f61af8c1381c",
                "slot": "mainhand"
              },
              {
                "attribute": "minecraft:generic.attack_damage",
                "name": "Type Wipe",
                "amount": 1,
                "operation": "addition",
                "id": "be670c41-9966-4586-8352-f61af8c1381c",
                "slot": "mainhand"
              }
            ]
          }
    ]
}