{
    "criteria": {
        "hit_by_mob":{
            "trigger": "entity_hurt_player",
            "conditions": {
                "damage": {
                    "source_entity": {
                        "type": "#game:mobs"
                    }
                }
            }
        },
        "hit_by_magic":{
            "trigger": "entity_hurt_player",
            "conditions": {
                "damage": {
                    "source_entity": {
                        "type": "marker"
                    }
                }
            }
        }
    },
    "rewards": {
        "function": "game:death/recount"
    },
    "requirements": [["hit_by_mob","hit_by_magic"]]
}