{
    "type": "command",
    "pools": [
        {
            "rolls": 1,
            "entries": [
                {
                    "type": "alternatives",
                    "children": [
                        {
                            "type": "item",
                            "name": "milk_bucket",
                            "functions": [
                                {
                                    "function": "set_name",
                                    "name": {"translate":"item.minecraft.milk_bucket","color": "green","italic": false}
                                },
                                {
                                    "function": "set_lore",
                                    "entity": "this",
                                    "lore": [
                                        "",
                                        {"translate":"price"},
                                        {"translate":"iron","with":["§a4"]},
                                        {"translate":"lapis","with":["§a4"]},
                                        {"nbt":"text.buy","interpret": true,"storage":"game:shop"}
                                    ]
                                },
                                {
                                    "function": "set_nbt",
                                    "tag":"{ui:{id:'milk'},CustomModelData:1}"
                                }
                            ],
                            "conditions": [
                                {
                                    "condition": "value_check",
                                    "value": {
                                        "type": "score",
                                        "target": {
                                            "type": "fixed",
                                            "name": "society_populate"
                                        },
                                        "score": "calculator"
                                    },
                                    "range": {
                                        "min": 2
                                    }
                                },
                                {
                                    "condition": "value_check",
                                    "value": {
                                        "type": "score",
                                        "target": {
                                            "type": "fixed",
                                            "name": "magic_occult"
                                        },
                                        "score": "calculator"
                                    },
                                    "range": {
                                        "min": 1
                                    }
                                }
                            ]
                        },
                        {
                            "type": "item",
                            "name": "gray_dye",
                            "functions": [
                                {
                                    "function": "set_nbt",
                                    "tag": "{ui:{id:\"need_tcho\"},display:{Name:'{\"text\":\"???\",\"color\": \"red\",\"italic\": false}'}}"
                                },
                                {
                                    "function": "set_lore",
                                    "entity": "this",
                                    "lore": [
                                        "",
                                        {"translate":"need_tcho"},
                                        {"translate":"society_populate","with":[" II"],"color": "gray","italic": false},
                                        {"translate":"magic_occult","with":[" I"],"color": "gray","italic": false},
                                        "",
                                        {"translate":"locked"}]
                                }
                            ]
                        }
                    ]
                }
                
            ]
        }
    ]
}