{
    "type": "command",
    "pools": [
        {
            "rolls": 1,
            "entries": [
                {
                    "type": "alternatives",
                    "children": [
                        {
                            "type": "item",
                            "name": "warped_fungus_on_a_stick",
                            "functions": [
                                {
                                    "function": "set_nbt",
                                    "tag": "{ui:{id:'mine'},CustomModelData:12}"
                                },
                                {
                                    "function": "set_name",
                                    "entity": "this",
                                    "name": {"translate":"item.mine","color": "green","italic": false}
                                },
                                {
                                    "function": "set_lore",
                                    "entity": "this",
                                    "lore": [
                                        "",
                                        {"translate":"item.mine.1","color": "gray","italic": false},
                                        {"translate":"item.mine.2","color": "gray","italic": false},
                                        {"translate":"item.mine.3","color": "gray","italic": false},
                                        {"translate":"item.mine.4","color": "gray","italic": false},
                                        "",
                                        {"translate":"price"},
                                        {"translate":"dirt","with": [
                                        {
                                            "text": "§a 20"
                                        }
                                        ]},
                                        {"translate":"diamond","with": [
                                        {
                                            "text": "§a 7"
                                        }
                                        ]},
                                    {"nbt":"text.select","interpret": true,"storage":"game:shop"}
                                    ]
                                }
                            ],
                            "conditions": [
                                {
                                    "condition": "value_check",
                                    "value": {"type": "score","score": "calculator","target": {"type": "fixed","name": "science_techno"}},
                                    "range": {
                                        "min": 1
                                    }
                                }
                            ]
                        },
                        {
                            "type": "item",
                            "name": "gray_dye",
                            "functions": [
                                {
                                    "function": "set_nbt",
                                    "tag": "{ui:{id:\"need_tcho\"},display:{Name:'{\"text\":\"???\",\"color\": \"red\",\"italic\": false}'}}"
                                },
                                {
                                    "function": "set_lore",
                                    "entity": "this",
                                    "lore": ["",{"translate":"need_tcho"},{"translate":"science_techno","with":[" I"],"color": "gray","italic": false},"",
                                        {"translate":"locked"}]
                                }
                            ]
                        }
                    ]
                }
            ]
        }
    ]
}