{
    "parent": "item/generated",
    "textures": {
        "layer0": "item/tipped_arrow_head",
        "layer1": "item/tipped_arrow_base"
    },
    "overrides": [
      {"predicate": {"custom_model_data": 1},"model": "arrow:buttons/to_arrow"},

      {"predicate": {"custom_model_data": 101},"model": "arrow:mob/zombie"},
      {"predicate": {"custom_model_data": 102},"model": "arrow:mob/zombie_squad"},
      {"predicate": {"custom_model_data": 103},"model": "arrow:mob/zombie_standard"},
      {"predicate": {"custom_model_data": 104},"model": "arrow:mob/zombie_jumper"},
      {"predicate": {"custom_model_data": 105},"model": "arrow:mob/zombie_baby"},
      {"predicate": {"custom_model_data": 106},"model": "arrow:mob/zombie_leather_armor"},
      {"predicate": {"custom_model_data": 107},"model": "arrow:mob/swarms_107"},
      {"predicate": {"custom_model_data": 108},"model": "arrow:mob/swarms_108"},
      {"predicate": {"custom_model_data": 109},"model": "arrow:mob/swarms_109"},
      {"predicate": {"custom_model_data": 110},"model": "arrow:mob/husk"},
      {"predicate": {"custom_model_data": 111},"model": "arrow:mob/drowned"},
      {"predicate": {"custom_model_data": 112},"model": "arrow:mob/drowned_trident"},
      {"predicate": {"custom_model_data": 113},"model": "arrow:mob/zombie_iron_chestplate"},
      {"predicate": {"custom_model_data": 114},"model": "arrow:mob/zombie_army"},
      {"predicate": {"custom_model_data": 115},"model": "arrow:mob/zombie_tank"},
      {"predicate": {"custom_model_data": 116},"model": "arrow:mob/zombie_mix_id_armor"},
      {"predicate": {"custom_model_data": 117},"model": "arrow:mob/zombie_diamond_armor"},
      {"predicate": {"custom_model_data": 118},"model": "arrow:mob/zombie_leaper"},
      {"predicate": {"custom_model_data": 119},"model": "arrow:mob/pusher"},
      {"predicate": {"custom_model_data": 120},"model": "arrow:mob/tnt_child"},
      {"predicate": {"custom_model_data": 121},"model": "arrow:mob/heavy_leaper"},
      {"predicate": {"custom_model_data": 122},"model": "arrow:mob/banner"},
      {"predicate": {"custom_model_data": 123},"model": "arrow:mob/enchanter"},
      {"predicate": {"custom_model_data": 124},"model": "arrow:mob/healer"},
      {"predicate": {"custom_model_data": 125},"model": "arrow:mob/lifer"},
      {"predicate": {"custom_model_data": 201},"model": "arrow:mob/spider"},
      {"predicate": {"custom_model_data": 203},"model": "arrow:mob/cave_spider"},
      {"predicate": {"custom_model_data": 301},"model": "arrow:mob/skeleton"},
      {"predicate": {"custom_model_data": 302},"model": "arrow:mob/skeleton_sniper"},
      {"predicate": {"custom_model_data": 303},"model": "arrow:mob/melee_skeleton"},
      {"predicate": {"custom_model_data": 304},"model": "arrow:mob/skeleton_iron_armor"},
      {"predicate": {"custom_model_data": 305},"model": "arrow:mob/skeleton_squad"},
      {"predicate": {"custom_model_data": 306},"model": "arrow:mob/skeleton_poison_arrow"},
      {"predicate": {"custom_model_data": 307},"model": "arrow:mob/skeleton_x_poison_arrow"},
      {"predicate": {"custom_model_data": 308},"model": "arrow:mob/skeleton_bat"},
      {"predicate": {"custom_model_data": 309},"model": "arrow:mob/stray"},
      {"predicate": {"custom_model_data": 310},"model": "arrow:mob/piggy_tower"},
      {"predicate": {"custom_model_data": 311},"model": "arrow:mob/skeleton_ur_poison_arrow"},
      {"predicate": {"custom_model_data": 312},"model": "arrow:mob/float_skeleton"},
      {"predicate": {"custom_model_data": 313},"model": "arrow:mob/wither_skeleton"},
      {"predicate": {"custom_model_data": 314},"model": "arrow:mob/flame_bow"},
      {"predicate": {"custom_model_data": 315},"model": "arrow:mob/slow_fall_skeleton"},
      {"predicate": {"custom_model_data": 316},"model": "arrow:mob/skeleton_diamond_armor"},
      {"predicate": {"custom_model_data": 317},"model": "arrow:mob/sand_bow"},
      {"predicate": {"custom_model_data": 401},"model": "arrow:mob/creeper"},
      {"predicate": {"custom_model_data": 402},"model": "arrow:mob/charged_creeper"},
      {"predicate": {"custom_model_data": 403},"model": "arrow:mob/creeper_cake_3"},
      {"predicate": {"custom_model_data": 404},"model": "arrow:mob/creeper_skeleton"},
      {"predicate": {"custom_model_data": 405},"model": "arrow:mob/creeper_cake_5"},
      {"predicate": {"custom_model_data": 501},"model": "arrow:mob/m_slime"},
      {"predicate": {"custom_model_data": 502},"model": "arrow:mob/l_slime"},
      {"predicate": {"custom_model_data": 504},"model": "arrow:mob/slime_the_suppermass"},
      {"predicate": {"custom_model_data": 505},"model": "arrow:mob/magma_cube_l"},
      {"predicate": {"custom_model_data": 701},"model": "arrow:mob/witch"},
      {"predicate": {"custom_model_data": 702},"model": "arrow:mob/witch_silverfish"},
      {"predicate": {"custom_model_data": 703},"model": "arrow:mob/fire_wizard"},
      {"predicate": {"custom_model_data": 704},"model": "arrow:mob/ice_wizard"},
      {"predicate": {"custom_model_data": 705},"model": "arrow:mob/posion_wizard"},
      {"predicate": {"custom_model_data": 706},"model": "arrow:mob/dark_wizard"},
      {"predicate": {"custom_model_data": 707},"model": "arrow:mob/tp_wizard"},
      {"predicate": {"custom_model_data": 708},"model": "arrow:mob/wind_wizard"},
      {"predicate": {"custom_model_data": 709},"model": "arrow:mob/water_wizard"},
      {"predicate": {"custom_model_data": 801},"model": "arrow:mob/blaze"},
      {"predicate": {"custom_model_data": 802},"model": "arrow:mob/zoglin"},
      {"predicate": {"custom_model_data": 803},"model": "arrow:mob/ice_fire"},
      {"predicate": {"custom_model_data": 901},"model": "arrow:mob/silverfish_powder"},
      {"predicate": {"custom_model_data": 902},"model": "arrow:mob/guardian"},
      {"predicate": {"custom_model_data": 1001},"model": "arrow:mob/pillager"},
      {"predicate": {"custom_model_data": 1002},"model": "arrow:mob/vindicator"},
      {"predicate": {"custom_model_data": 1003},"model": "arrow:mob/illusioner"},
      {"predicate": {"custom_model_data": 1004},"model": "arrow:mob/evoker"},

      {"predicate": {"custom_model_data": 4001},"model": "arrow:mob/invition"},
      {"predicate": {"custom_model_data": 4002},"model": "arrow:mob/mg"},
      {"predicate": {"custom_model_data": 4003},"model": "arrow:mob/dancer"},
      {"predicate": {"custom_model_data": 4004},"model": "arrow:mob/becon"},

      {"predicate": {"custom_model_data": 5001},"model": "arrow:buff/invisible"},
      {"predicate": {"custom_model_data": 5002},"model": "arrow:mob/tnt"},
      {"predicate": {"custom_model_data": 5003},"model": "arrow:mob/tnt_sticky"},
      {"predicate": {"custom_model_data": 5004},"model": "arrow:buff/fangs_area"},
      {"predicate": {"custom_model_data": 5005},"model": "arrow:mob/tnt_auto"},
      {"predicate": {"custom_model_data": 5006},"model": "arrow:buff/jump_boost"},
      {"predicate": {"custom_model_data": 5007},"model": "arrow:buff/float"},
      {"predicate": {"custom_model_data": 5008},"model": "arrow:mob/tnt_fountain"},

      {
        "predicate": {"custom_model_data": 10000},
        "model": "arrow:blank_arrow"
      },
      {
        "predicate": {"custom_model_data": 10001},
        "model": "arrow:buttons/lock"
      },
      {"predicate": {"custom_model_data": 20000},"model": "arrow:mob/infinate_zombie"},



      {"predicate": {"custom_model_data": 100101},"model": "arrow:mob_ui/zombie"},
      {"predicate": {"custom_model_data": 100102},"model": "arrow:mob_ui/zombie_squad"},
      {"predicate": {"custom_model_data": 100103},"model": "arrow:mob_ui/zombie_standard"},
      {"predicate": {"custom_model_data": 100104},"model": "arrow:mob_ui/zombie_jumper"},
      {"predicate": {"custom_model_data": 100105},"model": "arrow:mob_ui/zombie_baby"},
      {"predicate": {"custom_model_data": 100106},"model": "arrow:mob_ui/zombie_leather_armor"},
      {"predicate": {"custom_model_data": 100107},"model": "arrow:mob_ui/swarms_107"},
      {"predicate": {"custom_model_data": 100108},"model": "arrow:mob_ui/swarms_108"},
      {"predicate": {"custom_model_data": 100109},"model": "arrow:mob_ui/swarms_109"},
      {"predicate": {"custom_model_data": 100110},"model": "arrow:mob_ui/husk"},
      {"predicate": {"custom_model_data": 100111},"model": "arrow:mob_ui/drowned"},
      {"predicate": {"custom_model_data": 100112},"model": "arrow:mob_ui/drowned_trident"},
      {"predicate": {"custom_model_data": 100113},"model": "arrow:mob_ui/zombie_iron_chestplate"},
      {"predicate": {"custom_model_data": 100114},"model": "arrow:mob_ui/zombie_army"},
      {"predicate": {"custom_model_data": 100115},"model": "arrow:mob_ui/zombie_tank"},
      {"predicate": {"custom_model_data": 100116},"model": "arrow:mob_ui/zombie_mix_id_armor"},
      {"predicate": {"custom_model_data": 100117},"model": "arrow:mob_ui/zombie_diamond_armor"},
      {"predicate": {"custom_model_data": 100118},"model": "arrow:mob_ui/zombie_leaper"},
      {"predicate": {"custom_model_data": 100119},"model": "arrow:mob_ui/pusher"},
      {"predicate": {"custom_model_data": 100120},"model": "arrow:mob_ui/tnt_child"},
      {"predicate": {"custom_model_data": 100121},"model": "arrow:mob_ui/heavy_leaper"},
      {"predicate": {"custom_model_data": 100122},"model": "arrow:mob_ui/banner"},
      {"predicate": {"custom_model_data": 100123},"model": "arrow:mob_ui/enchanter"},
      {"predicate": {"custom_model_data": 100124},"model": "arrow:mob_ui/healer"},
      {"predicate": {"custom_model_data": 100125},"model": "arrow:mob_ui/lifer"},
      {"predicate": {"custom_model_data": 100201},"model": "arrow:mob_ui/spider"},
      {"predicate": {"custom_model_data": 100203},"model": "arrow:mob_ui/cave_spider"},
      {"predicate": {"custom_model_data": 100301},"model": "arrow:mob_ui/skeleton"},
      {"predicate": {"custom_model_data": 100302},"model": "arrow:mob_ui/skeleton_sniper"},
      {"predicate": {"custom_model_data": 100303},"model": "arrow:mob_ui/melee_skeleton"},
      {"predicate": {"custom_model_data": 100304},"model": "arrow:mob_ui/skeleton_iron_armor"},
      {"predicate": {"custom_model_data": 100305},"model": "arrow:mob_ui/skeleton_squad"},
      {"predicate": {"custom_model_data": 100306},"model": "arrow:mob_ui/skeleton_poison_arrow"},
      {"predicate": {"custom_model_data": 100307},"model": "arrow:mob_ui/skeleton_x_poison_arrow"},
      {"predicate": {"custom_model_data": 100308},"model": "arrow:mob_ui/skeleton_bat"},
      {"predicate": {"custom_model_data": 100309},"model": "arrow:mob_ui/stray"},
      {"predicate": {"custom_model_data": 100310},"model": "arrow:mob_ui/piggy_tower"},
      {"predicate": {"custom_model_data": 100311},"model": "arrow:mob_ui/skeleton_ur_poison_arrow"},
      {"predicate": {"custom_model_data": 100312},"model": "arrow:mob_ui/float_skeleton"},
      {"predicate": {"custom_model_data": 100313},"model": "arrow:mob_ui/wither_skeleton"},
      {"predicate": {"custom_model_data": 100314},"model": "arrow:mob_ui/flame_bow"},
      {"predicate": {"custom_model_data": 100315},"model": "arrow:mob_ui/slow_fall_skeleton"},
      {"predicate": {"custom_model_data": 100316},"model": "arrow:mob_ui/skeleton_diamond_armor"},
      {"predicate": {"custom_model_data": 100317},"model": "arrow:mob_ui/sand_bow"},
      {"predicate": {"custom_model_data": 100401},"model": "arrow:mob_ui/creeper"},
      {"predicate": {"custom_model_data": 100402},"model": "arrow:mob_ui/charged_creeper"},
      {"predicate": {"custom_model_data": 100403},"model": "arrow:mob_ui/creeper_cake_3"},
      {"predicate": {"custom_model_data": 100404},"model": "arrow:mob_ui/creeper_skeleton"},
      {"predicate": {"custom_model_data": 100405},"model": "arrow:mob_ui/creeper_cake_5"},
      {"predicate": {"custom_model_data": 100501},"model": "arrow:mob_ui/m_slime"},
      {"predicate": {"custom_model_data": 100502},"model": "arrow:mob_ui/l_slime"},
      {"predicate": {"custom_model_data": 100504},"model": "arrow:mob_ui/slime_the_suppermass"},
      {"predicate": {"custom_model_data": 100505},"model": "arrow:mob_ui/magma_cube_l"},
      {"predicate": {"custom_model_data": 100701},"model": "arrow:mob_ui/witch"},
      {"predicate": {"custom_model_data": 100702},"model": "arrow:mob_ui/witch_silverfish"},
      {"predicate": {"custom_model_data": 100703},"model": "arrow:mob_ui/fire_wizard"},
      {"predicate": {"custom_model_data": 100704},"model": "arrow:mob_ui/ice_wizard"},
      {"predicate": {"custom_model_data": 100705},"model": "arrow:mob_ui/posion_wizard"},
      {"predicate": {"custom_model_data": 100706},"model": "arrow:mob_ui/dark_wizard"},
      {"predicate": {"custom_model_data": 100708},"model": "arrow:mob_ui/wind_wizard"},
      {"predicate": {"custom_model_data": 100709},"model": "arrow:mob_ui/water_wizard"},
      {"predicate": {"custom_model_data": 100801},"model": "arrow:mob_ui/blaze"},
      {"predicate": {"custom_model_data": 100802},"model": "arrow:mob_ui/zoglin"},
      {"predicate": {"custom_model_data": 100803},"model": "arrow:mob_ui/ice_fire"},
      {"predicate": {"custom_model_data": 100901},"model": "arrow:mob_ui/silverfish_powder"},
      {"predicate": {"custom_model_data": 100902},"model": "arrow:mob_ui/guardian"},
      {"predicate": {"custom_model_data": 101001},"model": "arrow:mob_ui/pillager"},
      {"predicate": {"custom_model_data": 101002},"model": "arrow:mob_ui/vindicator"},
      {"predicate": {"custom_model_data": 101003},"model": "arrow:mob_ui/illusioner"},
      {"predicate": {"custom_model_data": 101004},"model": "arrow:mob_ui/evoker"},
      {"predicate": {"custom_model_data": 104001},"model": "arrow:mob_ui/invition"},
      {"predicate": {"custom_model_data": 104002},"model": "arrow:mob_ui/mg"},
      {"predicate": {"custom_model_data": 104003},"model": "arrow:mob_ui/dancer"},
      {"predicate": {"custom_model_data": 104004},"model": "arrow:mob_ui/becon"},
      {"predicate": {"custom_model_data": 105001},"model": "arrow:mob_ui/invisible"},
      {"predicate": {"custom_model_data": 105002},"model": "arrow:mob_ui/tnt"},
      {"predicate": {"custom_model_data": 105003},"model": "arrow:mob_ui/tnt_sticky"},
      {"predicate": {"custom_model_data": 105004},"model": "arrow:mob_ui/fangs_area"},
      {"predicate": {"custom_model_data": 105005},"model": "arrow:mob_ui/tnt_auto"},
      {"predicate": {"custom_model_data": 105006},"model": "arrow:mob_ui/jump_boost"},
      {"predicate": {"custom_model_data": 105007},"model": "arrow:mob_ui/float"},
      {"predicate": {"custom_model_data": 105008},"model": "arrow:mob_ui/tnt_fountain"}
    ]
  }