{
    "type":"command",
    "pools": [
        {
            "rolls": 1,
            "entries": [
                {
                    "type": "loot_table",
                    "name": "game:item/dirt_cleaner"
                },
                {
                    "type": "loot_table",
                    "name": "game:item/thundering_arrow",
                    "functions": [
                        {
                            "function": "set_count",
                            "count": {
                                "max": 2,
                                "min": 1
                            }
                        }
                    ]
                },
                {
                    "type": "loot_table",
                    "name": "game:enhanced/instant_heal_spell_3",
                    "conditions": [
                        {
                            "condition": "inverted",
                            "term": {
                                "condition": "minecraft:value_check",
                                "value": {
                                    "type": "score",
                                    "target": {"type": "fixed","name": "GameMode"},
                                    "score": "Data"
                                },
                                "range": 1
                            }
                        }
                    ]
                },
                {
                    "type": "loot_table",
                    "name": "game:item/up_rocket"
                },
                {
                    "type": "loot_table",
                    "name": "game:item/tp_home"
                },
                {
                    "type": "loot_table",
                    "name": "game:item/charged_creeper"
                },
                {
                    "type": "item",
                    "name": "golden_apple",
                    "functions": [
                        {
                            "function": "set_count",
                            "count": {
                                "type": "binomial",
                                "n":2,
                                "p": 0.75
                            }
                        },
                        {
                            "function": "set_count",
                            "count": 3,
                            "add": true
                        }
                    ]
                }
            ]
        }
    ],
    "functions": [
        {
            "function": "set_nbt",
            "tag": "{from_netherite:2b,CanDestroy:[\"#game:breakable\"],HideFlags:8}"
        }
    ]
}