{
    "type": "command",
    "pools": [
        {
            "rolls": 1,
            "entries": [
                {
                    "type": "item",
                    "name": "crossbow",
                    "functions": [
                        {
                            "function": "set_nbt",
                            "tag": "{ui:{id:'crossbow'},CustomModelData:1}"
                        },
                        {
                            "function": "set_name",
                            "entity": "this",
                            "name": {"translate":"升级弩","color": "green","italic": false}
                        },
                        {
                            "function":"set_lore",
                            "lore": [
                                "",
                                {"translate":"升级弩以加快","color": "gray","italic": false},
                                {"translate":"上弦速度","color": "gray","italic": false}
                            ]
                        },


                        
                        {
                            "function":"set_lore",
                            "entity": "this",
                            "lore": [
                                "",
                                {"translate":"无→快速装填I","color": "gold","italic": false},
                                {"translate":"price"},
                                {"translate":"gold","with": [
                                    {
                                        "text": "§a24"
                                    }
                                ]},
                                {"translate":"diamond","with": [
                                    {
                                        "text": "§a18"
                                    }
                                ]},
                                {"nbt":"text.select","interpret": true,"storage":"game:shop"}
                            ],
                            "conditions": [
                                {
                                    "condition": "value_check",
                                    "value": {
                                        "type": "score",
                                        "target": "this",
                                        "score": "crossbow"
                                    },
                                    "range": 1
                                }
                            ],
                            "replace": false
                        },





                        {
                            "function":"set_lore",
                            "entity": "this",
                            "lore": [
                                "",
                                {"translate":"快速装填I→快速装填II","color": "gold","italic": false},
                                {"translate":"price"},
                                {"translate":"gold","with": [
                                    {
                                        "text": "§a36"
                                    }
                                ]},
                                {"translate":"diamond","with": [
                                    {
                                        "text": "§a28"
                                    }
                                ]},
                                {"nbt":"text.select","interpret": true,"storage":"game:shop"}
                            ],
                            "conditions": [
                                {
                                    "condition": "value_check",
                                    "value": {
                                        "type": "score",
                                        "target": "this",
                                        "score": "crossbow"
                                    },
                                    "range": 2
                                },
                                {
                                    "condition": "inverted",
                                    "term": {
                                        "condition": "reference",
                                        "name": "ui:player/crossbow_2_notpass"
                                    }
                                }
                            ],
                            "replace": false
                        },
                        {
                            "function":"set_lore",
                            "entity": "this",
                            "lore": [
                                "",
                                {"translate":"快速装填I→快速装填II","color": "gold","italic": false},
                                "",
                                {"translate":"need_tcho"},
                                {"translate":"society_populate","color":"gray","italic":false,"with": [
                                    {
                                        "text": " II"
                                    }
                                ]},
                                {"translate":"magic_occult","color":"gray","italic":false,"with": [
                                    {
                                        "text": " III"
                                    }
                                ]},
                                {"translate":"locked","color": "red","italic": false}
                            ],
                            "conditions": [
                                {
                                    "condition": "reference",
                                    "name": "ui:player/crossbow_2_notpass"
                                }
                            ],
                            "replace": false
                        },





                        {
                            "function":"set_lore",
                            "entity": "this",
                            "lore": [
                                "",
                                {"translate":"快速装填II→快速装填III","color": "gold","italic": false},
                                {"translate":"price"},
                                {"translate":"gold","with": [
                                    {
                                        "text": "§a32"
                                    }
                                ]},
                                {"translate":"lapis","with": [
                                    {
                                        "text": "§a20"
                                    }
                                ]},
                                {"translate":"diamond","with": [
                                    {
                                        "text": "§a16"
                                    }
                                ]},
                                {"translate":"netherite","with": [
                                    {
                                        "text": "§a2"
                                    }
                                ]},
                                {"nbt":"text.select","interpret": true,"storage":"game:shop"}
                            ],
                            "conditions": [
                                {
                                    "condition": "value_check",
                                    "value": {
                                        "type": "score",
                                        "target": "this",
                                        "score": "crossbow"
                                    },
                                    "range": 3
                                },
                                {
                                    "condition": "inverted",
                                    "term": {
                                        "condition": "reference",
                                        "name": "ui:player/crossbow_3_notpass"
                                    }
                                }
                            ],
                            "replace": false
                        },
                        {
                            "function":"set_lore",
                            "entity": "this",
                            "lore": [
                                "",
                                {"translate":"快速装填II→快速装填III","color": "gold","italic": false},
                                "",
                                {"translate":"need_tcho"},
                                {"translate":"society_populate","color":"gray","italic":false,"with": [
                                    {
                                        "text": " III"
                                    }
                                ]},
                                {"translate":"magic_occult","color":"gray","italic":false,"with": [
                                    {
                                        "text": " III"
                                    }
                                ]},
                                {"translate":"locked","color": "red","italic": false}
                            ],
                            "conditions": [
                                {
                                    "condition": "reference",
                                    "name": "ui:player/crossbow_3_notpass"
                                }
                            ],
                            "replace": false
                        },




                        {
                            "function":"set_lore",
                            "entity": "this",
                            "lore": [
                                "",
                                {"translate":"快速装填III→快速装填IV","color": "gold","italic": false},
                                {"translate":"price"},
                                {"translate":"gold","with": [
                                {
                                    "text": "§a32"
                                }
                                ]},
                                {"translate":"lapis","with": [
                                {
                                    "text": "§a24"
                                }
                                ]},
                                {"translate":"diamond","with": [
                                {
                                    "text": "§a18"
                                }
                                ]},
                                {"translate":"netherite","with": [
                                {
                                    "text": "§a5"
                                }
                                ]},
                                {"nbt":"text.select","interpret": true,"storage":"game:shop"}
                            ],
                            "conditions": [
                                {
                                    "condition": "value_check",
                                    "value": {
                                        "type": "score",
                                        "target": "this",
                                        "score": "crossbow"
                                    },
                                    "range": 4
                                },
                                {
                                    "condition": "inverted",
                                    "term": {
                                        "condition": "reference",
                                        "name": "ui:player/crossbow_4_notpass"
                                    }
                                }
                            ],
                            "replace": false
                        },


                        {
                            "function":"set_lore",
                            "entity": "this",
                            "lore": [
                                "",
                                {"translate":"快速装填III→快速装填IV","color": "gold","italic": false},
                                "",
                                {"translate":"need_tcho"},
                                {"translate":"society_populate","color":"gray","italic":false,"with": [
                                    {
                                        "text": " III"
                                    }
                                ]},
                                {"translate":"magic_occult","color":"gray","italic":false,"with": [
                                    {
                                        "text": " III"
                                    }
                                ]},
                                {"translate":"science_techno","color":"gray","italic":false,"with": [
                                    {
                                        "text": " III"
                                    }
                                ]},
                                {"translate":"locked","color": "red","italic": false}
                            ],
                            "conditions": [
                                {
                                    "condition": "reference",
                                    "name": "ui:player/crossbow_4_notpass"
                                }
                            ],
                            "replace": false
                        },



                        {
                            "function":"set_lore",
                            "entity": "this",
                            "lore": [
                                {"translate":"已经满级！","color": "red","italic": false}
                            ],
                            "conditions": [
                                {
                                    "condition": "value_check",
                                    "value": {
                                        "type": "score",
                                        "target": "this",
                                        "score": "crossbow"
                                    },
                                    "range": 5
                                }
                            ],
                            "replace": false
                        },
                        {
                            "function": "set_nbt",
                            "tag": "{ui:{id:'need_tcho'}}",
                            "conditions" :[
                                {
                                    "condition": "any_of",
                                    "terms": [
                                        {
                                            "condition": "reference",
                                            "name": "ui:player/crossbow_2_notpass"
                                        },
                                        {
                                            "condition": "reference",
                                            "name": "ui:player/crossbow_3_notpass"
                                        },
                                        {
                                            "condition": "reference",
                                            "name": "ui:player/crossbow_4_notpass"
                                        }
                                    ]
                                }
                            ]
                        },
                        {
                            "function": "set_name",
                            "entity": "this",
                            "name": {"translate":"升级弩","color": "red","italic": false},
                            "conditions" :[
                                {
                                    "condition": "any_of",
                                    "terms": [
                                        {
                                            "condition": "reference",
                                            "name": "ui:player/crossbow_2_notpass"
                                        },
                                        
                                        {
                                            "condition": "reference",
                                            "name": "ui:player/crossbow_3_notpass"
                                        },
                                        {
                                            "condition": "reference",
                                            "name": "ui:player/crossbow_4_notpass"
                                        }
                                    ]
                                }
                            ]
                        },
                        {
                            "function": "set_nbt",
                            "tag": "{CustomModelData:1}",
                            "conditions" :[
                                {
                                    "condition": "entity_scores",
                                    "entity": "this",
                                    "scores": {
                                        "crossbow" :{"min": {"type": "constant","value": 2}}
                                    }
                                }
                            ]
                        }
                    ]
                }
            ]
        }
    ]
}