{
	"credit": "Made with Blockbench",
	"textures": {
		"0": "arrow:mob/zombie",
		"1": "arrow:render/blue_shield",
		"2": "arrow:render/red_shield",
		"particle": "arrow:mob/zombie"
	},
	"elements": [
		{
			"name": "zombie_0",
			"from": [8, 0, 0],
			"to": [16, 1, 8],
			"faces": {
				"north": {"uv": [16, 0, 8, 1], "texture": "#0"},
				"east": {"uv": [15, 0, 16, 8], "rotation": 90, "texture": "#0"},
				"south": {"uv": [8, 7, 16, 8], "texture": "#0"},
				"west": {"uv": [8, 0, 9, 8], "rotation": 270, "texture": "#0"},
				"up": {"uv": [8, 0, 16, 8], "texture": "#0"},
				"down": {"uv": [8, 8, 16, 0], "texture": "#0"}
			}
		},
		{
			"name": "zombie_1",
			"from": [6, 0, 4],
			"to": [8, 1, 6],
			"faces": {
				"north": {"uv": [8, 4, 6, 5], "texture": "#0"},
				"east": {"uv": [7, 4, 8, 6], "rotation": 90, "texture": "#0"},
				"south": {"uv": [6, 5, 8, 6], "texture": "#0"},
				"west": {"uv": [6, 4, 7, 6], "rotation": 270, "texture": "#0"},
				"up": {"uv": [6, 4, 8, 6], "texture": "#0"},
				"down": {"uv": [6, 6, 8, 4], "texture": "#0"}
			}
		},
		{
			"name": "zombie_2",
			"from": [3, 0, 5],
			"to": [4, 1, 7],
			"faces": {
				"north": {"uv": [4, 5, 3, 6], "texture": "#0"},
				"east": {"uv": [3, 5, 4, 7], "rotation": 90, "texture": "#0"},
				"south": {"uv": [3, 6, 4, 7], "texture": "#0"},
				"west": {"uv": [3, 5, 4, 7], "rotation": 270, "texture": "#0"},
				"up": {"uv": [3, 5, 4, 7], "texture": "#0"},
				"down": {"uv": [3, 7, 4, 5], "texture": "#0"}
			}
		},
		{
			"name": "zombie_3",
			"from": [0, 0, 6],
			"to": [1, 1, 8],
			"faces": {
				"north": {"uv": [1, 6, 0, 7], "texture": "#0"},
				"east": {"uv": [0, 6, 1, 8], "rotation": 90, "texture": "#0"},
				"south": {"uv": [0, 7, 1, 8], "texture": "#0"},
				"west": {"uv": [0, 6, 1, 8], "rotation": 270, "texture": "#0"},
				"up": {"uv": [0, 6, 1, 8], "texture": "#0"},
				"down": {"uv": [0, 8, 1, 6], "texture": "#0"}
			}
		},
		{
			"name": "zombie_4",
			"from": [7, 0, 7],
			"to": [8, 1, 9],
			"faces": {
				"north": {"uv": [8, 7, 7, 8], "texture": "#0"},
				"east": {"uv": [7, 7, 8, 9], "rotation": 90, "texture": "#0"},
				"south": {"uv": [7, 8, 8, 9], "texture": "#0"},
				"west": {"uv": [7, 7, 8, 9], "rotation": 270, "texture": "#0"},
				"up": {"uv": [7, 7, 8, 9], "texture": "#0"},
				"down": {"uv": [7, 9, 8, 7], "texture": "#0"}
			}
		},
		{
			"name": "zombie_5",
			"from": [6, 0, 8],
			"to": [7, 1, 10],
			"faces": {
				"north": {"uv": [7, 8, 6, 9], "texture": "#0"},
				"east": {"uv": [6, 8, 7, 10], "rotation": 90, "texture": "#0"},
				"south": {"uv": [6, 9, 7, 10], "texture": "#0"},
				"west": {"uv": [6, 8, 7, 10], "rotation": 270, "texture": "#0"},
				"up": {"uv": [6, 8, 7, 10], "texture": "#0"},
				"down": {"uv": [6, 10, 7, 8], "texture": "#0"}
			}
		},
		{
			"name": "zombie_6",
			"from": [5, 0, 9],
			"to": [6, 1, 11],
			"faces": {
				"north": {"uv": [6, 9, 5, 10], "texture": "#0"},
				"east": {"uv": [5, 9, 6, 11], "rotation": 90, "texture": "#0"},
				"south": {"uv": [5, 10, 6, 11], "texture": "#0"},
				"west": {"uv": [5, 9, 6, 11], "rotation": 270, "texture": "#0"},
				"up": {"uv": [5, 9, 6, 11], "texture": "#0"},
				"down": {"uv": [5, 11, 6, 9], "texture": "#0"}
			}
		},
		{
			"name": "zombie_7",
			"from": [4, 0, 10],
			"to": [5, 1, 12],
			"faces": {
				"north": {"uv": [5, 10, 4, 11], "texture": "#0"},
				"east": {"uv": [4, 10, 5, 12], "rotation": 90, "texture": "#0"},
				"south": {"uv": [4, 11, 5, 12], "texture": "#0"},
				"west": {"uv": [4, 10, 5, 12], "rotation": 270, "texture": "#0"},
				"up": {"uv": [4, 10, 5, 12], "texture": "#0"},
				"down": {"uv": [4, 12, 5, 10], "texture": "#0"}
			}
		},
		{
			"name": "zombie_8",
			"from": [8, 0, 10],
			"to": [10, 1, 11],
			"faces": {
				"north": {"uv": [10, 10, 8, 11], "texture": "#0"},
				"east": {"uv": [9, 10, 10, 11], "rotation": 90, "texture": "#0"},
				"south": {"uv": [8, 10, 10, 11], "texture": "#0"},
				"west": {"uv": [8, 10, 9, 11], "rotation": 270, "texture": "#0"},
				"up": {"uv": [8, 10, 10, 11], "texture": "#0"},
				"down": {"uv": [8, 11, 10, 10], "texture": "#0"}
			}
		},
		{
			"name": "zombie_9",
			"from": [3, 0, 11],
			"to": [4, 1, 14],
			"faces": {
				"north": {"uv": [4, 11, 3, 12], "texture": "#0"},
				"east": {"uv": [3, 11, 4, 14], "rotation": 90, "texture": "#0"},
				"south": {"uv": [3, 13, 4, 14], "texture": "#0"},
				"west": {"uv": [3, 11, 4, 14], "rotation": 270, "texture": "#0"},
				"up": {"uv": [3, 11, 4, 14], "texture": "#0"},
				"down": {"uv": [3, 14, 4, 11], "texture": "#0"}
			}
		},
		{
			"name": "zombie_10",
			"from": [9, 0, 11],
			"to": [10, 1, 12],
			"faces": {
				"north": {"uv": [10, 11, 9, 12], "texture": "#0"},
				"east": {"uv": [9, 11, 10, 12], "rotation": 90, "texture": "#0"},
				"south": {"uv": [9, 11, 10, 12], "texture": "#0"},
				"west": {"uv": [9, 11, 10, 12], "rotation": 270, "texture": "#0"},
				"up": {"uv": [9, 11, 10, 12], "texture": "#0"},
				"down": {"uv": [9, 12, 10, 11], "texture": "#0"}
			}
		},
		{
			"name": "zombie_11",
			"from": [1, 0, 12],
			"to": [3, 1, 15],
			"faces": {
				"north": {"uv": [3, 12, 1, 13], "texture": "#0"},
				"east": {"uv": [2, 12, 3, 15], "rotation": 90, "texture": "#0"},
				"south": {"uv": [1, 14, 3, 15], "texture": "#0"},
				"west": {"uv": [1, 12, 2, 15], "rotation": 270, "texture": "#0"},
				"up": {"uv": [1, 12, 3, 15], "texture": "#0"},
				"down": {"uv": [1, 15, 3, 12], "texture": "#0"}
			}
		},
		{
			"name": "zombie_12",
			"from": [0, 0, 13],
			"to": [1, 1, 15],
			"faces": {
				"north": {"uv": [1, 13, 0, 14], "texture": "#0"},
				"east": {"uv": [0, 13, 1, 15], "rotation": 90, "texture": "#0"},
				"south": {"uv": [0, 14, 1, 15], "texture": "#0"},
				"west": {"uv": [0, 13, 1, 15], "rotation": 270, "texture": "#0"},
				"up": {"uv": [0, 13, 1, 15], "texture": "#0"},
				"down": {"uv": [0, 15, 1, 13], "texture": "#0"}
			}
		},
		{
			"name": "zombie_13",
			"from": [1, 0, 15],
			"to": [2, 1, 16],
			"faces": {
				"north": {"uv": [2, 15, 1, 16], "texture": "#0"},
				"east": {"uv": [1, 15, 2, 16], "rotation": 90, "texture": "#0"},
				"south": {"uv": [1, 15, 2, 16], "texture": "#0"},
				"west": {"uv": [1, 15, 2, 16], "rotation": 270, "texture": "#0"},
				"up": {"uv": [1, 15, 2, 16], "texture": "#0"},
				"down": {"uv": [1, 16, 2, 15], "texture": "#0"}
			}
		},
		{
			"name": "blue_shield_0",
			"from": [0.73333, 5, 0],
			"to": [3.4, 5.53333, 14.93333],
			"faces": {
				"north": {"uv": [6.4, 0, 3.73333, 0.53333], "texture": "#1"},
				"east": {"uv": [5.86667, 0, 6.4, 14.93333], "rotation": 90, "texture": "#1"},
				"south": {"uv": [3.73333, 14.4, 6.4, 14.93333], "texture": "#1"},
				"west": {"uv": [3.73333, 0, 4.26667, 14.93333], "rotation": 270, "texture": "#1"},
				"up": {"uv": [3.73333, 0, 6.4, 14.93333], "texture": "#1"},
				"down": {"uv": [3.73333, 14.93333, 6.4, 0], "texture": "#1"}
			}
		},
		{
			"name": "blue_shield_1",
			"from": [3.4, 5, 0.53333],
			"to": [5.53333, 5.53333, 15.46667],
			"faces": {
				"north": {"uv": [8.53333, 0.53333, 6.4, 1.06667], "texture": "#1"},
				"east": {"uv": [8, 0.53333, 8.53333, 15.46667], "rotation": 90, "texture": "#1"},
				"south": {"uv": [6.4, 14.93333, 8.53333, 15.46667], "texture": "#1"},
				"west": {"uv": [6.4, 0.53333, 6.93333, 15.46667], "rotation": 270, "texture": "#1"},
				"up": {"uv": [6.4, 0.53333, 8.53333, 15.46667], "texture": "#1"},
				"down": {"uv": [6.4, 15.46667, 8.53333, 0.53333], "texture": "#1"}
			}
		},
		{
			"name": "blue_shield_2",
			"from": [5.53333, 5, 1.06667],
			"to": [8.2, 5.53333, 9.6],
			"faces": {
				"north": {"uv": [11.2, 1.06667, 8.53333, 1.6], "texture": "#1"},
				"east": {"uv": [10.66667, 1.06667, 11.2, 9.6], "rotation": 90, "texture": "#1"},
				"south": {"uv": [8.53333, 9.06667, 11.2, 9.6], "texture": "#1"},
				"west": {"uv": [8.53333, 1.06667, 9.06667, 9.6], "rotation": 270, "texture": "#1"},
				"up": {"uv": [8.53333, 1.06667, 11.2, 9.6], "texture": "#1"},
				"down": {"uv": [8.53333, 9.6, 11.2, 1.06667], "texture": "#1"}
			}
		},
		{
			"name": "blue_shield_3",
			"from": [8.2, 5, 1.6],
			"to": [8.73333, 5.53333, 3.2],
			"faces": {
				"north": {"uv": [11.73333, 1.6, 11.2, 2.13333], "texture": "#1"},
				"east": {"uv": [11.2, 1.6, 11.73333, 3.2], "rotation": 90, "texture": "#1"},
				"south": {"uv": [11.2, 2.66667, 11.73333, 3.2], "texture": "#1"},
				"west": {"uv": [11.2, 1.6, 11.73333, 3.2], "rotation": 270, "texture": "#1"},
				"up": {"uv": [11.2, 1.6, 11.73333, 3.2], "texture": "#1"},
				"down": {"uv": [11.2, 3.2, 11.73333, 1.6], "texture": "#1"}
			}
		},
		{
			"name": "blue_shield_4",
			"from": [0.2, 5, 4.26667],
			"to": [0.73333, 5.53333, 14.93333],
			"faces": {
				"north": {"uv": [3.73333, 4.26667, 3.2, 4.8], "texture": "#1"},
				"east": {"uv": [3.2, 4.26667, 3.73333, 14.93333], "rotation": 90, "texture": "#1"},
				"south": {"uv": [3.2, 14.4, 3.73333, 14.93333], "texture": "#1"},
				"west": {"uv": [3.2, 4.26667, 3.73333, 14.93333], "rotation": 270, "texture": "#1"},
				"up": {"uv": [3.2, 4.26667, 3.73333, 14.93333], "texture": "#1"},
				"down": {"uv": [3.2, 14.93333, 3.73333, 4.26667], "texture": "#1"}
			}
		},
		{
			"name": "blue_shield_5",
			"from": [5.53333, 5, 9.6],
			"to": [7.66667, 5.53333, 16],
			"faces": {
				"north": {"uv": [10.66667, 9.6, 8.53333, 10.13333], "texture": "#1"},
				"east": {"uv": [10.13333, 9.6, 10.66667, 16], "rotation": 90, "texture": "#1"},
				"south": {"uv": [8.53333, 15.46667, 10.66667, 16], "texture": "#1"},
				"west": {"uv": [8.53333, 9.6, 9.06667, 16], "rotation": 270, "texture": "#1"},
				"up": {"uv": [8.53333, 9.6, 10.66667, 16], "texture": "#1"},
				"down": {"uv": [8.53333, 16, 10.66667, 9.6], "texture": "#1"}
			}
		},
		{
			"name": "blue_shield_6",
			"from": [-0.33333, 5, 10.66667],
			"to": [0.2, 5.53333, 14.4],
			"faces": {
				"north": {"uv": [3.2, 10.66667, 2.66667, 11.2], "texture": "#1"},
				"east": {"uv": [2.66667, 10.66667, 3.2, 14.4], "rotation": 90, "texture": "#1"},
				"south": {"uv": [2.66667, 13.86667, 3.2, 14.4], "texture": "#1"},
				"west": {"uv": [2.66667, 10.66667, 3.2, 14.4], "rotation": 270, "texture": "#1"},
				"up": {"uv": [2.66667, 10.66667, 3.2, 14.4], "texture": "#1"},
				"down": {"uv": [2.66667, 14.4, 3.2, 10.66667], "texture": "#1"}
			}
		},
		{
			"name": "blue_shield_7",
			"from": [2.86667, 5, 14.93333],
			"to": [3.4, 5.53333, 15.46667],
			"faces": {
				"north": {"uv": [6.4, 14.93333, 5.86667, 15.46667], "texture": "#1"},
				"east": {"uv": [5.86667, 14.93333, 6.4, 15.46667], "rotation": 90, "texture": "#1"},
				"south": {"uv": [5.86667, 14.93333, 6.4, 15.46667], "texture": "#1"},
				"west": {"uv": [5.86667, 14.93333, 6.4, 15.46667], "rotation": 270, "texture": "#1"},
				"up": {"uv": [5.86667, 14.93333, 6.4, 15.46667], "texture": "#1"},
				"down": {"uv": [5.86667, 15.46667, 6.4, 14.93333], "texture": "#1"}
			}
		},
		{
			"name": "red_shield_0",
			"from": [8.73333, -5, 0],
			"to": [11.4, -4.46667, 14.93333],
			"faces": {
				"north": {"uv": [6.4, 0, 3.73333, 0.53333], "texture": "#2"},
				"east": {"uv": [5.86667, 0, 6.4, 14.93333], "rotation": 90, "texture": "#2"},
				"south": {"uv": [3.73333, 14.4, 6.4, 14.93333], "texture": "#2"},
				"west": {"uv": [3.73333, 0, 4.26667, 14.93333], "rotation": 270, "texture": "#2"},
				"up": {"uv": [3.73333, 0, 6.4, 14.93333], "texture": "#2"},
				"down": {"uv": [3.73333, 14.93333, 6.4, 0], "texture": "#2"}
			}
		},
		{
			"name": "red_shield_1",
			"from": [11.4, -5, 0.53333],
			"to": [13.53333, -4.46667, 15.46667],
			"faces": {
				"north": {"uv": [8.53333, 0.53333, 6.4, 1.06667], "texture": "#2"},
				"east": {"uv": [8, 0.53333, 8.53333, 15.46667], "rotation": 90, "texture": "#2"},
				"south": {"uv": [6.4, 14.93333, 8.53333, 15.46667], "texture": "#2"},
				"west": {"uv": [6.4, 0.53333, 6.93333, 15.46667], "rotation": 270, "texture": "#2"},
				"up": {"uv": [6.4, 0.53333, 8.53333, 15.46667], "texture": "#2"},
				"down": {"uv": [6.4, 15.46667, 8.53333, 0.53333], "texture": "#2"}
			}
		},
		{
			"name": "red_shield_2",
			"from": [13.53333, -5, 1.06667],
			"to": [16.2, -4.46667, 9.6],
			"faces": {
				"north": {"uv": [11.2, 1.06667, 8.53333, 1.6], "texture": "#2"},
				"east": {"uv": [10.66667, 1.06667, 11.2, 9.6], "rotation": 90, "texture": "#2"},
				"south": {"uv": [8.53333, 9.06667, 11.2, 9.6], "texture": "#2"},
				"west": {"uv": [8.53333, 1.06667, 9.06667, 9.6], "rotation": 270, "texture": "#2"},
				"up": {"uv": [8.53333, 1.06667, 11.2, 9.6], "texture": "#2"},
				"down": {"uv": [8.53333, 9.6, 11.2, 1.06667], "texture": "#2"}
			}
		},
		{
			"name": "red_shield_3",
			"from": [16.2, -5, 1.6],
			"to": [16.73333, -4.46667, 3.2],
			"faces": {
				"north": {"uv": [11.73333, 1.6, 11.2, 2.13333], "texture": "#2"},
				"east": {"uv": [11.2, 1.6, 11.73333, 3.2], "rotation": 90, "texture": "#2"},
				"south": {"uv": [11.2, 2.66667, 11.73333, 3.2], "texture": "#2"},
				"west": {"uv": [11.2, 1.6, 11.73333, 3.2], "rotation": 270, "texture": "#2"},
				"up": {"uv": [11.2, 1.6, 11.73333, 3.2], "texture": "#2"},
				"down": {"uv": [11.2, 3.2, 11.73333, 1.6], "texture": "#2"}
			}
		},
		{
			"name": "red_shield_4",
			"from": [8.2, -5, 4.26667],
			"to": [8.73333, -4.46667, 14.93333],
			"faces": {
				"north": {"uv": [3.73333, 4.26667, 3.2, 4.8], "texture": "#2"},
				"east": {"uv": [3.2, 4.26667, 3.73333, 14.93333], "rotation": 90, "texture": "#2"},
				"south": {"uv": [3.2, 14.4, 3.73333, 14.93333], "texture": "#2"},
				"west": {"uv": [3.2, 4.26667, 3.73333, 14.93333], "rotation": 270, "texture": "#2"},
				"up": {"uv": [3.2, 4.26667, 3.73333, 14.93333], "texture": "#2"},
				"down": {"uv": [3.2, 14.93333, 3.73333, 4.26667], "texture": "#2"}
			}
		},
		{
			"name": "red_shield_5",
			"from": [13.53333, -5, 9.6],
			"to": [15.66667, -4.46667, 16],
			"faces": {
				"north": {"uv": [10.66667, 9.6, 8.53333, 10.13333], "texture": "#2"},
				"east": {"uv": [10.13333, 9.6, 10.66667, 16], "rotation": 90, "texture": "#2"},
				"south": {"uv": [8.53333, 15.46667, 10.66667, 16], "texture": "#2"},
				"west": {"uv": [8.53333, 9.6, 9.06667, 16], "rotation": 270, "texture": "#2"},
				"up": {"uv": [8.53333, 9.6, 10.66667, 16], "texture": "#2"},
				"down": {"uv": [8.53333, 16, 10.66667, 9.6], "texture": "#2"}
			}
		},
		{
			"name": "red_shield_6",
			"from": [7.66667, -5, 10.66667],
			"to": [8.2, -4.46667, 14.4],
			"faces": {
				"north": {"uv": [3.2, 10.66667, 2.66667, 11.2], "texture": "#2"},
				"east": {"uv": [2.66667, 10.66667, 3.2, 14.4], "rotation": 90, "texture": "#2"},
				"south": {"uv": [2.66667, 13.86667, 3.2, 14.4], "texture": "#2"},
				"west": {"uv": [2.66667, 10.66667, 3.2, 14.4], "rotation": 270, "texture": "#2"},
				"up": {"uv": [2.66667, 10.66667, 3.2, 14.4], "texture": "#2"},
				"down": {"uv": [2.66667, 14.4, 3.2, 10.66667], "texture": "#2"}
			}
		},
		{
			"name": "red_shield_7",
			"from": [10.86667, -5, 14.93333],
			"to": [11.4, -4.46667, 15.46667],
			"faces": {
				"north": {"uv": [6.4, 14.93333, 5.86667, 15.46667], "texture": "#2"},
				"east": {"uv": [5.86667, 14.93333, 6.4, 15.46667], "rotation": 90, "texture": "#2"},
				"south": {"uv": [5.86667, 14.93333, 6.4, 15.46667], "texture": "#2"},
				"west": {"uv": [5.86667, 14.93333, 6.4, 15.46667], "rotation": 270, "texture": "#2"},
				"up": {"uv": [5.86667, 14.93333, 6.4, 15.46667], "texture": "#2"},
				"down": {"uv": [5.86667, 15.46667, 6.4, 14.93333], "texture": "#2"}
			}
		}
	],
  "gui_light": "front",
	"display": {
		"thirdperson_righthand": {
			"rotation": [170.41, 6.08, -31.5],
			"translation": [6, -3.5, 6],
			"scale": [0.6, 0.6, 0.76]
		},
		"thirdperson_lefthand": {
			"rotation": [-166.65, -3.44, -164.06],
			"translation": [8.25, 2.25, 4.25]
		},
		"firstperson_righthand": {
			"rotation": [106.77, 28.25, -113.48],
			"translation": [0, 4.75, 1.75],
			"scale": [0.4, 0.4, 0.4]
		},
		"firstperson_lefthand": {
			"translation": [2.5, 7, 0]
		},
		"ground": {
			"translation": [0, 3.5, 0],
			"scale": [0.6, 0.6, 0.6]
		},
		"gui": {
			"rotation": [86, 0, 0],
			"scale": [0.9, 0.9, 0.9]
		},
		"head": {
			"translation": [0.75, 20, 0]
		},
		"fixed": {
			"rotation": [88, 0, 0]
		}
	},
	"groups": [
		{
			"name": "zombie",
			"origin": [8, 8, 8],
			"color": 0,
			"nbt": "{}",
			"armAnimationEnabled": false,
			"children": [0, 1, 2, 3, 4, 5, 6, 7, 8, 9, 10, 11, 12, 13]
		},
		{
			"name": "blue_shield",
			"origin": [8, 8, 8],
			"color": 0,
			"nbt": "{}",
			"armAnimationEnabled": false,
			"children": [14, 15, 16, 17, 18, 19, 20, 21]
		},
		{
			"name": "red_shield",
			"origin": [8, 8, 8],
			"color": 0,
			"nbt": "{}",
			"armAnimationEnabled": false,
			"children": [22, 23, 24, 25, 26, 27, 28, 29]
		}
	]
}