{
	"credit": "Made with Blockbench",
	"textures": {
		"0": "arrow:mob/zombie",
		"1": "arrow:mob/infinate_zombie_sign",
		"particle": "arrow:mob/zombie"
	},
	"elements": [
		{
			"name": "zombie_0",
			"from": [8, 0, 0],
			"to": [16, 1, 8],
			"faces": {
				"north": {"uv": [16, 0, 8, 1], "texture": "#0"},
				"east": {"uv": [15, 0, 16, 8], "rotation": 90, "texture": "#0"},
				"south": {"uv": [8, 7, 16, 8], "texture": "#0"},
				"west": {"uv": [8, 0, 9, 8], "rotation": 270, "texture": "#0"},
				"up": {"uv": [8, 0, 16, 8], "texture": "#0"},
				"down": {"uv": [8, 8, 16, 0], "texture": "#0"}
			}
		},
		{
			"name": "zombie_1",
			"from": [6, 0, 4],
			"to": [8, 1, 6],
			"faces": {
				"north": {"uv": [8, 4, 6, 5], "texture": "#0"},
				"east": {"uv": [7, 4, 8, 6], "rotation": 90, "texture": "#0"},
				"south": {"uv": [6, 5, 8, 6], "texture": "#0"},
				"west": {"uv": [6, 4, 7, 6], "rotation": 270, "texture": "#0"},
				"up": {"uv": [6, 4, 8, 6], "texture": "#0"},
				"down": {"uv": [6, 6, 8, 4], "texture": "#0"}
			}
		},
		{
			"name": "zombie_2",
			"from": [3, 0, 5],
			"to": [4, 1, 7],
			"faces": {
				"north": {"uv": [4, 5, 3, 6], "texture": "#0"},
				"east": {"uv": [3, 5, 4, 7], "rotation": 90, "texture": "#0"},
				"south": {"uv": [3, 6, 4, 7], "texture": "#0"},
				"west": {"uv": [3, 5, 4, 7], "rotation": 270, "texture": "#0"},
				"up": {"uv": [3, 5, 4, 7], "texture": "#0"},
				"down": {"uv": [3, 7, 4, 5], "texture": "#0"}
			}
		},
		{
			"name": "zombie_3",
			"from": [0, 0, 6],
			"to": [1, 1, 8],
			"faces": {
				"north": {"uv": [1, 6, 0, 7], "texture": "#0"},
				"east": {"uv": [0, 6, 1, 8], "rotation": 90, "texture": "#0"},
				"south": {"uv": [0, 7, 1, 8], "texture": "#0"},
				"west": {"uv": [0, 6, 1, 8], "rotation": 270, "texture": "#0"},
				"up": {"uv": [0, 6, 1, 8], "texture": "#0"},
				"down": {"uv": [0, 8, 1, 6], "texture": "#0"}
			}
		},
		{
			"name": "zombie_4",
			"from": [7, 0, 7],
			"to": [8, 1, 9],
			"faces": {
				"north": {"uv": [8, 7, 7, 8], "texture": "#0"},
				"east": {"uv": [7, 7, 8, 9], "rotation": 90, "texture": "#0"},
				"south": {"uv": [7, 8, 8, 9], "texture": "#0"},
				"west": {"uv": [7, 7, 8, 9], "rotation": 270, "texture": "#0"},
				"up": {"uv": [7, 7, 8, 9], "texture": "#0"},
				"down": {"uv": [7, 9, 8, 7], "texture": "#0"}
			}
		},
		{
			"name": "zombie_5",
			"from": [6, 0, 8],
			"to": [7, 1, 10],
			"faces": {
				"north": {"uv": [7, 8, 6, 9], "texture": "#0"},
				"east": {"uv": [6, 8, 7, 10], "rotation": 90, "texture": "#0"},
				"south": {"uv": [6, 9, 7, 10], "texture": "#0"},
				"west": {"uv": [6, 8, 7, 10], "rotation": 270, "texture": "#0"},
				"up": {"uv": [6, 8, 7, 10], "texture": "#0"},
				"down": {"uv": [6, 10, 7, 8], "texture": "#0"}
			}
		},
		{
			"name": "zombie_6",
			"from": [5, 0, 9],
			"to": [6, 1, 11],
			"faces": {
				"north": {"uv": [6, 9, 5, 10], "texture": "#0"},
				"east": {"uv": [5, 9, 6, 11], "rotation": 90, "texture": "#0"},
				"south": {"uv": [5, 10, 6, 11], "texture": "#0"},
				"west": {"uv": [5, 9, 6, 11], "rotation": 270, "texture": "#0"},
				"up": {"uv": [5, 9, 6, 11], "texture": "#0"},
				"down": {"uv": [5, 11, 6, 9], "texture": "#0"}
			}
		},
		{
			"name": "zombie_7",
			"from": [4, 0, 10],
			"to": [5, 1, 12],
			"faces": {
				"north": {"uv": [5, 10, 4, 11], "texture": "#0"},
				"east": {"uv": [4, 10, 5, 12], "rotation": 90, "texture": "#0"},
				"south": {"uv": [4, 11, 5, 12], "texture": "#0"},
				"west": {"uv": [4, 10, 5, 12], "rotation": 270, "texture": "#0"},
				"up": {"uv": [4, 10, 5, 12], "texture": "#0"},
				"down": {"uv": [4, 12, 5, 10], "texture": "#0"}
			}
		},
		{
			"name": "zombie_8",
			"from": [8, 0, 10],
			"to": [10, 1, 11],
			"faces": {
				"north": {"uv": [10, 10, 8, 11], "texture": "#0"},
				"east": {"uv": [9, 10, 10, 11], "rotation": 90, "texture": "#0"},
				"south": {"uv": [8, 10, 10, 11], "texture": "#0"},
				"west": {"uv": [8, 10, 9, 11], "rotation": 270, "texture": "#0"},
				"up": {"uv": [8, 10, 10, 11], "texture": "#0"},
				"down": {"uv": [8, 11, 10, 10], "texture": "#0"}
			}
		},
		{
			"name": "zombie_9",
			"from": [3, 0, 11],
			"to": [4, 1, 14],
			"faces": {
				"north": {"uv": [4, 11, 3, 12], "texture": "#0"},
				"east": {"uv": [3, 11, 4, 14], "rotation": 90, "texture": "#0"},
				"south": {"uv": [3, 13, 4, 14], "texture": "#0"},
				"west": {"uv": [3, 11, 4, 14], "rotation": 270, "texture": "#0"},
				"up": {"uv": [3, 11, 4, 14], "texture": "#0"},
				"down": {"uv": [3, 14, 4, 11], "texture": "#0"}
			}
		},
		{
			"name": "zombie_10",
			"from": [9, 0, 11],
			"to": [10, 1, 12],
			"faces": {
				"north": {"uv": [10, 11, 9, 12], "texture": "#0"},
				"east": {"uv": [9, 11, 10, 12], "rotation": 90, "texture": "#0"},
				"south": {"uv": [9, 11, 10, 12], "texture": "#0"},
				"west": {"uv": [9, 11, 10, 12], "rotation": 270, "texture": "#0"},
				"up": {"uv": [9, 11, 10, 12], "texture": "#0"},
				"down": {"uv": [9, 12, 10, 11], "texture": "#0"}
			}
		},
		{
			"name": "zombie_11",
			"from": [1, 0, 12],
			"to": [3, 1, 15],
			"faces": {
				"north": {"uv": [3, 12, 1, 13], "texture": "#0"},
				"east": {"uv": [2, 12, 3, 15], "rotation": 90, "texture": "#0"},
				"south": {"uv": [1, 14, 3, 15], "texture": "#0"},
				"west": {"uv": [1, 12, 2, 15], "rotation": 270, "texture": "#0"},
				"up": {"uv": [1, 12, 3, 15], "texture": "#0"},
				"down": {"uv": [1, 15, 3, 12], "texture": "#0"}
			}
		},
		{
			"name": "zombie_12",
			"from": [0, 0, 13],
			"to": [1, 1, 15],
			"faces": {
				"north": {"uv": [1, 13, 0, 14], "texture": "#0"},
				"east": {"uv": [0, 13, 1, 15], "rotation": 90, "texture": "#0"},
				"south": {"uv": [0, 14, 1, 15], "texture": "#0"},
				"west": {"uv": [0, 13, 1, 15], "rotation": 270, "texture": "#0"},
				"up": {"uv": [0, 13, 1, 15], "texture": "#0"},
				"down": {"uv": [0, 15, 1, 13], "texture": "#0"}
			}
		},
		{
			"name": "zombie_13",
			"from": [1, 0, 15],
			"to": [2, 1, 16],
			"faces": {
				"north": {"uv": [2, 15, 1, 16], "texture": "#0"},
				"east": {"uv": [1, 15, 2, 16], "rotation": 90, "texture": "#0"},
				"south": {"uv": [1, 15, 2, 16], "texture": "#0"},
				"west": {"uv": [1, 15, 2, 16], "rotation": 270, "texture": "#0"},
				"up": {"uv": [1, 15, 2, 16], "texture": "#0"},
				"down": {"uv": [1, 16, 2, 15], "texture": "#0"}
			}
		},
		{
			"name": "infinate_zombie_sign_0",
			"from": [3.38462, -5.03846, 0],
			"to": [4.4375, -1.34615, 1.84615],
			"rotation": {"angle": -22.5, "axis": "z", "origin": [3.91106, 0.5, 4]},
			"faces": {
				"north": {"uv": [6.15385, 0, 2.46154, 0.61538], "rotation": 90, "texture": "#1"},
				"east": {"uv": [2.46154, 1.84615, 6.15385, 0], "rotation": 270, "texture": "#1"},
				"south": {"uv": [2.46154, 1.23077, 6.15385, 1.84615], "rotation": 270, "texture": "#1"},
				"west": {"uv": [2.46154, 0, 6.15385, 1.84615], "rotation": 270, "texture": "#1"},
				"up": {"uv": [5.53846, 0, 6.15385, 1.84615], "texture": "#1"},
				"down": {"uv": [2.46154, 0, 3.07692, 1.84615], "rotation": 180, "texture": "#1"}
			}
		},
		{
			"name": "infinate_zombie_sign_1",
			"from": [3.38462, 1.73077, 0],
			"to": [4.4375, 6.03846, 1.84615],
			"rotation": {"angle": -22.5, "axis": "z", "origin": [3.91106, 0.5, 4]},
			"faces": {
				"north": {"uv": [13.53846, 0, 9.23077, 0.61538], "rotation": 90, "texture": "#1"},
				"east": {"uv": [9.23077, 1.84615, 13.53846, 0], "rotation": 270, "texture": "#1"},
				"south": {"uv": [9.23077, 1.23077, 13.53846, 1.84615], "rotation": 270, "texture": "#1"},
				"west": {"uv": [9.23077, 0, 13.53846, 1.84615], "rotation": 270, "texture": "#1"},
				"up": {"uv": [12.92308, 0, 13.53846, 1.84615], "texture": "#1"},
				"down": {"uv": [9.23077, 0, 9.84615, 1.84615], "rotation": 180, "texture": "#1"}
			}
		},
		{
			"name": "infinate_zombie_sign_2",
			"from": [3.38462, -6.26923, 1.23077],
			"to": [4.4375, -5.03846, 3.07692],
			"rotation": {"angle": -22.5, "axis": "z", "origin": [3.91106, 0.5, 4]},
			"faces": {
				"north": {"uv": [2.46154, 1.23077, 1.23077, 1.84615], "rotation": 90, "texture": "#1"},
				"east": {"uv": [1.23077, 3.07692, 2.46154, 1.23077], "rotation": 270, "texture": "#1"},
				"south": {"uv": [1.23077, 2.46154, 2.46154, 3.07692], "rotation": 270, "texture": "#1"},
				"west": {"uv": [1.23077, 1.23077, 2.46154, 3.07692], "rotation": 270, "texture": "#1"},
				"up": {"uv": [1.84615, 1.23077, 2.46154, 3.07692], "texture": "#1"},
				"down": {"uv": [1.23077, 1.23077, 1.84615, 3.07692], "rotation": 180, "texture": "#1"}
			}
		},
		{
			"name": "infinate_zombie_sign_3",
			"from": [3.38462, -1.34615, 1.23077],
			"to": [4.4375, -0.11538, 3.07692],
			"rotation": {"angle": -22.5, "axis": "z", "origin": [3.91106, 0.5, 4]},
			"faces": {
				"north": {"uv": [7.38462, 1.23077, 6.15385, 1.84615], "rotation": 90, "texture": "#1"},
				"east": {"uv": [6.15385, 3.07692, 7.38462, 1.23077], "rotation": 270, "texture": "#1"},
				"south": {"uv": [6.15385, 2.46154, 7.38462, 3.07692], "rotation": 270, "texture": "#1"},
				"west": {"uv": [6.15385, 1.23077, 7.38462, 3.07692], "rotation": 270, "texture": "#1"},
				"up": {"uv": [6.76923, 1.23077, 7.38462, 3.07692], "texture": "#1"},
				"down": {"uv": [6.15385, 1.23077, 6.76923, 3.07692], "rotation": 180, "texture": "#1"}
			}
		},
		{
			"name": "infinate_zombie_sign_4",
			"from": [3.38462, 0.5, 1.23077],
			"to": [4.4375, 1.73077, 3.07692],
			"rotation": {"angle": -22.5, "axis": "z", "origin": [3.91106, 0.5, 4]},
			"faces": {
				"north": {"uv": [9.23077, 1.23077, 8, 1.84615], "rotation": 90, "texture": "#1"},
				"east": {"uv": [8, 3.07692, 9.23077, 1.23077], "rotation": 270, "texture": "#1"},
				"south": {"uv": [8, 2.46154, 9.23077, 3.07692], "rotation": 270, "texture": "#1"},
				"west": {"uv": [8, 1.23077, 9.23077, 3.07692], "rotation": 270, "texture": "#1"},
				"up": {"uv": [8.61538, 1.23077, 9.23077, 3.07692], "texture": "#1"},
				"down": {"uv": [8, 1.23077, 8.61538, 3.07692], "rotation": 180, "texture": "#1"}
			}
		},
		{
			"name": "infinate_zombie_sign_5",
			"from": [3.38462, 6.03846, 1.23077],
			"to": [4.4375, 7.26923, 3.07692],
			"rotation": {"angle": -22.5, "axis": "z", "origin": [3.91106, 0.5, 4]},
			"faces": {
				"north": {"uv": [14.76923, 1.23077, 13.53846, 1.84615], "rotation": 90, "texture": "#1"},
				"east": {"uv": [13.53846, 3.07692, 14.76923, 1.23077], "rotation": 270, "texture": "#1"},
				"south": {"uv": [13.53846, 2.46154, 14.76923, 3.07692], "rotation": 270, "texture": "#1"},
				"west": {"uv": [13.53846, 1.23077, 14.76923, 3.07692], "rotation": 270, "texture": "#1"},
				"up": {"uv": [14.15385, 1.23077, 14.76923, 3.07692], "texture": "#1"},
				"down": {"uv": [13.53846, 1.23077, 14.15385, 3.07692], "rotation": 180, "texture": "#1"}
			}
		},
		{
			"name": "infinate_zombie_sign_6",
			"from": [3.38462, -5.03846, 1.84615],
			"to": [4.4375, -4.42308, 3.07692],
			"rotation": {"angle": -22.5, "axis": "z", "origin": [3.91106, 0.5, 4]},
			"faces": {
				"north": {"uv": [3.07692, 1.84615, 2.46154, 2.46154], "rotation": 90, "texture": "#1"},
				"east": {"uv": [2.46154, 3.07692, 3.07692, 1.84615], "rotation": 270, "texture": "#1"},
				"south": {"uv": [2.46154, 2.46154, 3.07692, 3.07692], "rotation": 270, "texture": "#1"},
				"west": {"uv": [2.46154, 1.84615, 3.07692, 3.07692], "rotation": 270, "texture": "#1"},
				"up": {"uv": [2.46154, 1.84615, 3.07692, 3.07692], "texture": "#1"},
				"down": {"uv": [2.46154, 1.84615, 3.07692, 3.07692], "rotation": 180, "texture": "#1"}
			}
		},
		{
			"name": "infinate_zombie_sign_7",
			"from": [3.38462, -1.96154, 1.84615],
			"to": [4.4375, -1.34615, 3.07692],
			"rotation": {"angle": -22.5, "axis": "z", "origin": [3.91106, 0.5, 4]},
			"faces": {
				"north": {"uv": [6.15385, 1.84615, 5.53846, 2.46154], "rotation": 90, "texture": "#1"},
				"east": {"uv": [5.53846, 3.07692, 6.15385, 1.84615], "rotation": 270, "texture": "#1"},
				"south": {"uv": [5.53846, 2.46154, 6.15385, 3.07692], "rotation": 270, "texture": "#1"},
				"west": {"uv": [5.53846, 1.84615, 6.15385, 3.07692], "rotation": 270, "texture": "#1"},
				"up": {"uv": [5.53846, 1.84615, 6.15385, 3.07692], "texture": "#1"},
				"down": {"uv": [5.53846, 1.84615, 6.15385, 3.07692], "rotation": 180, "texture": "#1"}
			}
		},
		{
			"name": "infinate_zombie_sign_8",
			"from": [3.38462, 1.73077, 1.84615],
			"to": [4.4375, 2.34615, 3.07692],
			"rotation": {"angle": -22.5, "axis": "z", "origin": [3.91106, 0.5, 4]},
			"faces": {
				"north": {"uv": [9.84615, 1.84615, 9.23077, 2.46154], "rotation": 90, "texture": "#1"},
				"east": {"uv": [9.23077, 3.07692, 9.84615, 1.84615], "rotation": 270, "texture": "#1"},
				"south": {"uv": [9.23077, 2.46154, 9.84615, 3.07692], "rotation": 270, "texture": "#1"},
				"west": {"uv": [9.23077, 1.84615, 9.84615, 3.07692], "rotation": 270, "texture": "#1"},
				"up": {"uv": [9.23077, 1.84615, 9.84615, 3.07692], "texture": "#1"},
				"down": {"uv": [9.23077, 1.84615, 9.84615, 3.07692], "rotation": 180, "texture": "#1"}
			}
		},
		{
			"name": "infinate_zombie_sign_9",
			"from": [3.38462, 5.42308, 1.84615],
			"to": [4.4375, 6.03846, 3.07692],
			"rotation": {"angle": -22.5, "axis": "z", "origin": [3.91106, 0.5, 4]},
			"faces": {
				"north": {"uv": [13.53846, 1.84615, 12.92308, 2.46154], "rotation": 90, "texture": "#1"},
				"east": {"uv": [12.92308, 3.07692, 13.53846, 1.84615], "rotation": 270, "texture": "#1"},
				"south": {"uv": [12.92308, 2.46154, 13.53846, 3.07692], "rotation": 270, "texture": "#1"},
				"west": {"uv": [12.92308, 1.84615, 13.53846, 3.07692], "rotation": 270, "texture": "#1"},
				"up": {"uv": [12.92308, 1.84615, 13.53846, 3.07692], "texture": "#1"},
				"down": {"uv": [12.92308, 1.84615, 13.53846, 3.07692], "rotation": 180, "texture": "#1"}
			}
		},
		{
			"name": "infinate_zombie_sign_10",
			"from": [3.38462, -7.5, 2.46154],
			"to": [4.4375, -6.26923, 5.53846],
			"rotation": {"angle": -22.5, "axis": "z", "origin": [3.91106, 0.5, 4]},
			"faces": {
				"north": {"uv": [1.23077, 2.46154, 0, 3.07692], "rotation": 90, "texture": "#1"},
				"east": {"uv": [0, 5.53846, 1.23077, 2.46154], "rotation": 270, "texture": "#1"},
				"south": {"uv": [0, 4.92308, 1.23077, 5.53846], "rotation": 270, "texture": "#1"},
				"west": {"uv": [0, 2.46154, 1.23077, 5.53846], "rotation": 270, "texture": "#1"},
				"up": {"uv": [0.61538, 2.46154, 1.23077, 5.53846], "texture": "#1"},
				"down": {"uv": [0, 2.46154, 0.61538, 5.53846], "rotation": 180, "texture": "#1"}
			}
		},
		{
			"name": "infinate_zombie_sign_11",
			"from": [3.38462, -0.11538, 2.46154],
			"to": [4.4375, 0.5, 4.92308],
			"rotation": {"angle": -22.5, "axis": "z", "origin": [3.91106, 0.5, 4]},
			"faces": {
				"north": {"uv": [8, 2.46154, 7.38462, 3.07692], "rotation": 90, "texture": "#1"},
				"east": {"uv": [7.38462, 4.92308, 8, 2.46154], "rotation": 270, "texture": "#1"},
				"south": {"uv": [7.38462, 4.30769, 8, 4.92308], "rotation": 270, "texture": "#1"},
				"west": {"uv": [7.38462, 2.46154, 8, 4.92308], "rotation": 270, "texture": "#1"},
				"up": {"uv": [7.38462, 2.46154, 8, 4.92308], "texture": "#1"},
				"down": {"uv": [7.38462, 2.46154, 8, 4.92308], "rotation": 180, "texture": "#1"}
			}
		},
		{
			"name": "infinate_zombie_sign_12",
			"from": [3.38462, 7.26923, 2.46154],
			"to": [4.4375, 8.5, 5.53846],
			"rotation": {"angle": -22.5, "axis": "z", "origin": [3.91106, 0.5, 4]},
			"faces": {
				"north": {"uv": [16, 2.46154, 14.76923, 3.07692], "rotation": 90, "texture": "#1"},
				"east": {"uv": [14.76923, 5.53846, 16, 2.46154], "rotation": 270, "texture": "#1"},
				"south": {"uv": [14.76923, 4.92308, 16, 5.53846], "rotation": 270, "texture": "#1"},
				"west": {"uv": [14.76923, 2.46154, 16, 5.53846], "rotation": 270, "texture": "#1"},
				"up": {"uv": [15.38462, 2.46154, 16, 5.53846], "texture": "#1"},
				"down": {"uv": [14.76923, 2.46154, 15.38462, 5.53846], "rotation": 180, "texture": "#1"}
			}
		},
		{
			"name": "infinate_zombie_sign_13",
			"from": [3.38462, -6.26923, 3.07692],
			"to": [4.4375, -5.65385, 6.76923],
			"rotation": {"angle": -22.5, "axis": "z", "origin": [3.91106, 0.5, 4]},
			"faces": {
				"north": {"uv": [1.84615, 3.07692, 1.23077, 3.69231], "rotation": 90, "texture": "#1"},
				"east": {"uv": [1.23077, 6.76923, 1.84615, 3.07692], "rotation": 270, "texture": "#1"},
				"south": {"uv": [1.23077, 6.15385, 1.84615, 6.76923], "rotation": 270, "texture": "#1"},
				"west": {"uv": [1.23077, 3.07692, 1.84615, 6.76923], "rotation": 270, "texture": "#1"},
				"up": {"uv": [1.23077, 3.07692, 1.84615, 6.76923], "texture": "#1"},
				"down": {"uv": [1.23077, 3.07692, 1.84615, 6.76923], "rotation": 180, "texture": "#1"}
			}
		},
		{
			"name": "infinate_zombie_sign_14",
			"from": [3.38462, -0.73077, 3.07692],
			"to": [4.4375, -0.11538, 6.76923],
			"rotation": {"angle": -22.5, "axis": "z", "origin": [3.91106, 0.5, 4]},
			"faces": {
				"north": {"uv": [7.38462, 3.07692, 6.76923, 3.69231], "rotation": 90, "texture": "#1"},
				"east": {"uv": [6.76923, 6.76923, 7.38462, 3.07692], "rotation": 270, "texture": "#1"},
				"south": {"uv": [6.76923, 6.15385, 7.38462, 6.76923], "rotation": 270, "texture": "#1"},
				"west": {"uv": [6.76923, 3.07692, 7.38462, 6.76923], "rotation": 270, "texture": "#1"},
				"up": {"uv": [6.76923, 3.07692, 7.38462, 6.76923], "texture": "#1"},
				"down": {"uv": [6.76923, 3.07692, 7.38462, 6.76923], "rotation": 180, "texture": "#1"}
			}
		},
		{
			"name": "infinate_zombie_sign_15",
			"from": [3.38462, 0.5, 3.07692],
			"to": [4.4375, 1.11538, 6.76923],
			"rotation": {"angle": -22.5, "axis": "z", "origin": [3.91106, 0.5, 4]},
			"faces": {
				"north": {"uv": [8.61538, 3.07692, 8, 3.69231], "rotation": 90, "texture": "#1"},
				"east": {"uv": [8, 6.76923, 8.61538, 3.07692], "rotation": 270, "texture": "#1"},
				"south": {"uv": [8, 6.15385, 8.61538, 6.76923], "rotation": 270, "texture": "#1"},
				"west": {"uv": [8, 3.07692, 8.61538, 6.76923], "rotation": 270, "texture": "#1"},
				"up": {"uv": [8, 3.07692, 8.61538, 6.76923], "texture": "#1"},
				"down": {"uv": [8, 3.07692, 8.61538, 6.76923], "rotation": 180, "texture": "#1"}
			}
		},
		{
			"name": "infinate_zombie_sign_16",
			"from": [3.38462, 6.65385, 3.07692],
			"to": [4.4375, 7.26923, 6.76923],
			"rotation": {"angle": -22.5, "axis": "z", "origin": [3.91106, 0.5, 4]},
			"faces": {
				"north": {"uv": [14.76923, 3.07692, 14.15385, 3.69231], "rotation": 90, "texture": "#1"},
				"east": {"uv": [14.15385, 6.76923, 14.76923, 3.07692], "rotation": 270, "texture": "#1"},
				"south": {"uv": [14.15385, 6.15385, 14.76923, 6.76923], "rotation": 270, "texture": "#1"},
				"west": {"uv": [14.15385, 3.07692, 14.76923, 6.76923], "rotation": 270, "texture": "#1"},
				"up": {"uv": [14.15385, 3.07692, 14.76923, 6.76923], "texture": "#1"},
				"down": {"uv": [14.15385, 3.07692, 14.76923, 6.76923], "rotation": 180, "texture": "#1"}
			}
		},
		{
			"name": "infinate_zombie_sign_17",
			"from": [3.38462, -5.65385, 4.92308],
			"to": [4.4375, -4.42308, 6.76923],
			"rotation": {"angle": -22.5, "axis": "z", "origin": [3.91106, 0.5, 4]},
			"faces": {
				"north": {"uv": [3.07692, 4.92308, 1.84615, 5.53846], "rotation": 90, "texture": "#1"},
				"east": {"uv": [1.84615, 6.76923, 3.07692, 4.92308], "rotation": 270, "texture": "#1"},
				"south": {"uv": [1.84615, 6.15385, 3.07692, 6.76923], "rotation": 270, "texture": "#1"},
				"west": {"uv": [1.84615, 4.92308, 3.07692, 6.76923], "rotation": 270, "texture": "#1"},
				"up": {"uv": [2.46154, 4.92308, 3.07692, 6.76923], "texture": "#1"},
				"down": {"uv": [1.84615, 4.92308, 2.46154, 6.76923], "rotation": 180, "texture": "#1"}
			}
		},
		{
			"name": "infinate_zombie_sign_18",
			"from": [3.38462, -1.96154, 4.92308],
			"to": [4.4375, -0.73077, 6.76923],
			"rotation": {"angle": -22.5, "axis": "z", "origin": [3.91106, 0.5, 4]},
			"faces": {
				"north": {"uv": [6.76923, 4.92308, 5.53846, 5.53846], "rotation": 90, "texture": "#1"},
				"east": {"uv": [5.53846, 6.76923, 6.76923, 4.92308], "rotation": 270, "texture": "#1"},
				"south": {"uv": [5.53846, 6.15385, 6.76923, 6.76923], "rotation": 270, "texture": "#1"},
				"west": {"uv": [5.53846, 4.92308, 6.76923, 6.76923], "rotation": 270, "texture": "#1"},
				"up": {"uv": [6.15385, 4.92308, 6.76923, 6.76923], "texture": "#1"},
				"down": {"uv": [5.53846, 4.92308, 6.15385, 6.76923], "rotation": 180, "texture": "#1"}
			}
		},
		{
			"name": "infinate_zombie_sign_19",
			"from": [3.38462, 1.11538, 4.92308],
			"to": [4.4375, 2.34615, 6.76923],
			"rotation": {"angle": -22.5, "axis": "z", "origin": [3.91106, 0.5, 4]},
			"faces": {
				"north": {"uv": [9.84615, 4.92308, 8.61538, 5.53846], "rotation": 90, "texture": "#1"},
				"east": {"uv": [8.61538, 6.76923, 9.84615, 4.92308], "rotation": 270, "texture": "#1"},
				"south": {"uv": [8.61538, 6.15385, 9.84615, 6.76923], "rotation": 270, "texture": "#1"},
				"west": {"uv": [8.61538, 4.92308, 9.84615, 6.76923], "rotation": 270, "texture": "#1"},
				"up": {"uv": [9.23077, 4.92308, 9.84615, 6.76923], "texture": "#1"},
				"down": {"uv": [8.61538, 4.92308, 9.23077, 6.76923], "rotation": 180, "texture": "#1"}
			}
		},
		{
			"name": "infinate_zombie_sign_20",
			"from": [3.38462, 5.42308, 4.92308],
			"to": [4.4375, 6.65385, 6.76923],
			"rotation": {"angle": -22.5, "axis": "z", "origin": [3.91106, 0.5, 4]},
			"faces": {
				"north": {"uv": [14.15385, 4.92308, 12.92308, 5.53846], "rotation": 90, "texture": "#1"},
				"east": {"uv": [12.92308, 6.76923, 14.15385, 4.92308], "rotation": 270, "texture": "#1"},
				"south": {"uv": [12.92308, 6.15385, 14.15385, 6.76923], "rotation": 270, "texture": "#1"},
				"west": {"uv": [12.92308, 4.92308, 14.15385, 6.76923], "rotation": 270, "texture": "#1"},
				"up": {"uv": [13.53846, 4.92308, 14.15385, 6.76923], "texture": "#1"},
				"down": {"uv": [12.92308, 4.92308, 13.53846, 6.76923], "rotation": 180, "texture": "#1"}
			}
		},
		{
			"name": "infinate_zombie_sign_21",
			"from": [3.38462, -4.42308, 6.15385],
			"to": [4.4375, -1.96154, 7.38462],
			"rotation": {"angle": -22.5, "axis": "z", "origin": [3.91106, 0.5, 4]},
			"faces": {
				"north": {"uv": [5.53846, 6.15385, 3.07692, 6.76923], "rotation": 90, "texture": "#1"},
				"east": {"uv": [3.07692, 7.38462, 5.53846, 6.15385], "rotation": 270, "texture": "#1"},
				"south": {"uv": [3.07692, 6.76923, 5.53846, 7.38462], "rotation": 270, "texture": "#1"},
				"west": {"uv": [3.07692, 6.15385, 5.53846, 7.38462], "rotation": 270, "texture": "#1"},
				"up": {"uv": [4.92308, 6.15385, 5.53846, 7.38462], "texture": "#1"},
				"down": {"uv": [3.07692, 6.15385, 3.69231, 7.38462], "rotation": 180, "texture": "#1"}
			}
		},
		{
			"name": "infinate_zombie_sign_22",
			"from": [3.38462, 2.34615, 6.15385],
			"to": [4.4375, 5.42308, 7.38462],
			"rotation": {"angle": -22.5, "axis": "z", "origin": [3.91106, 0.5, 4]},
			"faces": {
				"north": {"uv": [12.92308, 6.15385, 9.84615, 6.76923], "rotation": 90, "texture": "#1"},
				"east": {"uv": [9.84615, 7.38462, 12.92308, 6.15385], "rotation": 270, "texture": "#1"},
				"south": {"uv": [9.84615, 6.76923, 12.92308, 7.38462], "rotation": 270, "texture": "#1"},
				"west": {"uv": [9.84615, 6.15385, 12.92308, 7.38462], "rotation": 270, "texture": "#1"},
				"up": {"uv": [12.30769, 6.15385, 12.92308, 7.38462], "texture": "#1"},
				"down": {"uv": [9.84615, 6.15385, 10.46154, 7.38462], "rotation": 180, "texture": "#1"}
			}
		},
		{
			"name": "infinate_zombie_sign_23",
			"from": [3.38462, -5.03846, 6.76923],
			"to": [4.4375, -4.42308, 7.38462],
			"rotation": {"angle": -22.5, "axis": "z", "origin": [3.91106, 0.5, 4]},
			"faces": {
				"north": {"uv": [3.07692, 6.76923, 2.46154, 7.38462], "rotation": 90, "texture": "#1"},
				"east": {"uv": [2.46154, 7.38462, 3.07692, 6.76923], "rotation": 270, "texture": "#1"},
				"south": {"uv": [2.46154, 6.76923, 3.07692, 7.38462], "rotation": 270, "texture": "#1"},
				"west": {"uv": [2.46154, 6.76923, 3.07692, 7.38462], "rotation": 270, "texture": "#1"},
				"up": {"uv": [2.46154, 6.76923, 3.07692, 7.38462], "texture": "#1"},
				"down": {"uv": [2.46154, 6.76923, 3.07692, 7.38462], "rotation": 180, "texture": "#1"}
			}
		},
		{
			"name": "infinate_zombie_sign_24",
			"from": [3.38462, -1.96154, 6.76923],
			"to": [4.4375, -1.34615, 7.38462],
			"rotation": {"angle": -22.5, "axis": "z", "origin": [3.91106, 0.5, 4]},
			"faces": {
				"north": {"uv": [6.15385, 6.76923, 5.53846, 7.38462], "rotation": 90, "texture": "#1"},
				"east": {"uv": [5.53846, 7.38462, 6.15385, 6.76923], "rotation": 270, "texture": "#1"},
				"south": {"uv": [5.53846, 6.76923, 6.15385, 7.38462], "rotation": 270, "texture": "#1"},
				"west": {"uv": [5.53846, 6.76923, 6.15385, 7.38462], "rotation": 270, "texture": "#1"},
				"up": {"uv": [5.53846, 6.76923, 6.15385, 7.38462], "texture": "#1"},
				"down": {"uv": [5.53846, 6.76923, 6.15385, 7.38462], "rotation": 180, "texture": "#1"}
			}
		},
		{
			"name": "infinate_zombie_sign_25",
			"from": [3.38462, 1.73077, 6.76923],
			"to": [4.4375, 2.34615, 7.38462],
			"rotation": {"angle": -22.5, "axis": "z", "origin": [3.91106, 0.5, 4]},
			"faces": {
				"north": {"uv": [9.84615, 6.76923, 9.23077, 7.38462], "rotation": 90, "texture": "#1"},
				"east": {"uv": [9.23077, 7.38462, 9.84615, 6.76923], "rotation": 270, "texture": "#1"},
				"south": {"uv": [9.23077, 6.76923, 9.84615, 7.38462], "rotation": 270, "texture": "#1"},
				"west": {"uv": [9.23077, 6.76923, 9.84615, 7.38462], "rotation": 270, "texture": "#1"},
				"up": {"uv": [9.23077, 6.76923, 9.84615, 7.38462], "texture": "#1"},
				"down": {"uv": [9.23077, 6.76923, 9.84615, 7.38462], "rotation": 180, "texture": "#1"}
			}
		},
		{
			"name": "infinate_zombie_sign_26",
			"from": [3.38462, 5.42308, 6.76923],
			"to": [4.4375, 6.03846, 7.38462],
			"rotation": {"angle": -22.5, "axis": "z", "origin": [3.91106, 0.5, 4]},
			"faces": {
				"north": {"uv": [13.53846, 6.76923, 12.92308, 7.38462], "rotation": 90, "texture": "#1"},
				"east": {"uv": [12.92308, 7.38462, 13.53846, 6.76923], "rotation": 270, "texture": "#1"},
				"south": {"uv": [12.92308, 6.76923, 13.53846, 7.38462], "rotation": 270, "texture": "#1"},
				"west": {"uv": [12.92308, 6.76923, 13.53846, 7.38462], "rotation": 270, "texture": "#1"},
				"up": {"uv": [12.92308, 6.76923, 13.53846, 7.38462], "texture": "#1"},
				"down": {"uv": [12.92308, 6.76923, 13.53846, 7.38462], "rotation": 180, "texture": "#1"}
			}
		},
		{
			"name": "infinate_zombie_sign_0",
			"from": [3.38462, -5.03846, 0],
			"to": [4.4375, -1.34615, 1.84615],
			"rotation": {"angle": -22.5, "axis": "z", "origin": [3.91106, 0.5, 4]},
			"faces": {
				"north": {"uv": [6.15385, 0, 2.46154, 0.61538], "rotation": 90, "texture": "#1"},
				"east": {"uv": [2.46154, 1.84615, 6.15385, 0], "rotation": 270, "texture": "#1"},
				"south": {"uv": [2.46154, 1.23077, 6.15385, 1.84615], "rotation": 270, "texture": "#1"},
				"west": {"uv": [2.46154, 0, 6.15385, 1.84615], "rotation": 270, "texture": "#1"},
				"up": {"uv": [5.53846, 0, 6.15385, 1.84615], "texture": "#1"},
				"down": {"uv": [2.46154, 0, 3.07692, 1.84615], "rotation": 180, "texture": "#1"}
			}
		},
		{
			"name": "infinate_zombie_sign_1",
			"from": [3.38462, 1.73077, 0],
			"to": [4.4375, 6.03846, 1.84615],
			"rotation": {"angle": -22.5, "axis": "z", "origin": [3.91106, 0.5, 4]},
			"faces": {
				"north": {"uv": [13.53846, 0, 9.23077, 0.61538], "rotation": 90, "texture": "#1"},
				"east": {"uv": [9.23077, 1.84615, 13.53846, 0], "rotation": 270, "texture": "#1"},
				"south": {"uv": [9.23077, 1.23077, 13.53846, 1.84615], "rotation": 270, "texture": "#1"},
				"west": {"uv": [9.23077, 0, 13.53846, 1.84615], "rotation": 270, "texture": "#1"},
				"up": {"uv": [12.92308, 0, 13.53846, 1.84615], "texture": "#1"},
				"down": {"uv": [9.23077, 0, 9.84615, 1.84615], "rotation": 180, "texture": "#1"}
			}
		},
		{
			"name": "infinate_zombie_sign_2",
			"from": [3.38462, -6.26923, 1.23077],
			"to": [4.4375, -5.03846, 3.07692],
			"rotation": {"angle": -22.5, "axis": "z", "origin": [3.91106, 0.5, 4]},
			"faces": {
				"north": {"uv": [2.46154, 1.23077, 1.23077, 1.84615], "rotation": 90, "texture": "#1"},
				"east": {"uv": [1.23077, 3.07692, 2.46154, 1.23077], "rotation": 270, "texture": "#1"},
				"south": {"uv": [1.23077, 2.46154, 2.46154, 3.07692], "rotation": 270, "texture": "#1"},
				"west": {"uv": [1.23077, 1.23077, 2.46154, 3.07692], "rotation": 270, "texture": "#1"},
				"up": {"uv": [1.84615, 1.23077, 2.46154, 3.07692], "texture": "#1"},
				"down": {"uv": [1.23077, 1.23077, 1.84615, 3.07692], "rotation": 180, "texture": "#1"}
			}
		},
		{
			"name": "infinate_zombie_sign_3",
			"from": [3.38462, -1.34615, 1.23077],
			"to": [4.4375, -0.11538, 3.07692],
			"rotation": {"angle": -22.5, "axis": "z", "origin": [3.91106, 0.5, 4]},
			"faces": {
				"north": {"uv": [7.38462, 1.23077, 6.15385, 1.84615], "rotation": 90, "texture": "#1"},
				"east": {"uv": [6.15385, 3.07692, 7.38462, 1.23077], "rotation": 270, "texture": "#1"},
				"south": {"uv": [6.15385, 2.46154, 7.38462, 3.07692], "rotation": 270, "texture": "#1"},
				"west": {"uv": [6.15385, 1.23077, 7.38462, 3.07692], "rotation": 270, "texture": "#1"},
				"up": {"uv": [6.76923, 1.23077, 7.38462, 3.07692], "texture": "#1"},
				"down": {"uv": [6.15385, 1.23077, 6.76923, 3.07692], "rotation": 180, "texture": "#1"}
			}
		},
		{
			"name": "infinate_zombie_sign_4",
			"from": [3.38462, 0.5, 1.23077],
			"to": [4.4375, 1.73077, 3.07692],
			"rotation": {"angle": -22.5, "axis": "z", "origin": [3.91106, 0.5, 4]},
			"faces": {
				"north": {"uv": [9.23077, 1.23077, 8, 1.84615], "rotation": 90, "texture": "#1"},
				"east": {"uv": [8, 3.07692, 9.23077, 1.23077], "rotation": 270, "texture": "#1"},
				"south": {"uv": [8, 2.46154, 9.23077, 3.07692], "rotation": 270, "texture": "#1"},
				"west": {"uv": [8, 1.23077, 9.23077, 3.07692], "rotation": 270, "texture": "#1"},
				"up": {"uv": [8.61538, 1.23077, 9.23077, 3.07692], "texture": "#1"},
				"down": {"uv": [8, 1.23077, 8.61538, 3.07692], "rotation": 180, "texture": "#1"}
			}
		},
		{
			"name": "infinate_zombie_sign_5",
			"from": [3.38462, 6.03846, 1.23077],
			"to": [4.4375, 7.26923, 3.07692],
			"rotation": {"angle": -22.5, "axis": "z", "origin": [3.91106, 0.5, 4]},
			"faces": {
				"north": {"uv": [14.76923, 1.23077, 13.53846, 1.84615], "rotation": 90, "texture": "#1"},
				"east": {"uv": [13.53846, 3.07692, 14.76923, 1.23077], "rotation": 270, "texture": "#1"},
				"south": {"uv": [13.53846, 2.46154, 14.76923, 3.07692], "rotation": 270, "texture": "#1"},
				"west": {"uv": [13.53846, 1.23077, 14.76923, 3.07692], "rotation": 270, "texture": "#1"},
				"up": {"uv": [14.15385, 1.23077, 14.76923, 3.07692], "texture": "#1"},
				"down": {"uv": [13.53846, 1.23077, 14.15385, 3.07692], "rotation": 180, "texture": "#1"}
			}
		},
		{
			"name": "infinate_zombie_sign_6",
			"from": [3.38462, -5.03846, 1.84615],
			"to": [4.4375, -4.42308, 3.07692],
			"rotation": {"angle": -22.5, "axis": "z", "origin": [3.91106, 0.5, 4]},
			"faces": {
				"north": {"uv": [3.07692, 1.84615, 2.46154, 2.46154], "rotation": 90, "texture": "#1"},
				"east": {"uv": [2.46154, 3.07692, 3.07692, 1.84615], "rotation": 270, "texture": "#1"},
				"south": {"uv": [2.46154, 2.46154, 3.07692, 3.07692], "rotation": 270, "texture": "#1"},
				"west": {"uv": [2.46154, 1.84615, 3.07692, 3.07692], "rotation": 270, "texture": "#1"},
				"up": {"uv": [2.46154, 1.84615, 3.07692, 3.07692], "texture": "#1"},
				"down": {"uv": [2.46154, 1.84615, 3.07692, 3.07692], "rotation": 180, "texture": "#1"}
			}
		},
		{
			"name": "infinate_zombie_sign_7",
			"from": [3.38462, -1.96154, 1.84615],
			"to": [4.4375, -1.34615, 3.07692],
			"rotation": {"angle": -22.5, "axis": "z", "origin": [3.91106, 0.5, 4]},
			"faces": {
				"north": {"uv": [6.15385, 1.84615, 5.53846, 2.46154], "rotation": 90, "texture": "#1"},
				"east": {"uv": [5.53846, 3.07692, 6.15385, 1.84615], "rotation": 270, "texture": "#1"},
				"south": {"uv": [5.53846, 2.46154, 6.15385, 3.07692], "rotation": 270, "texture": "#1"},
				"west": {"uv": [5.53846, 1.84615, 6.15385, 3.07692], "rotation": 270, "texture": "#1"},
				"up": {"uv": [5.53846, 1.84615, 6.15385, 3.07692], "texture": "#1"},
				"down": {"uv": [5.53846, 1.84615, 6.15385, 3.07692], "rotation": 180, "texture": "#1"}
			}
		},
		{
			"name": "infinate_zombie_sign_8",
			"from": [3.38462, 1.73077, 1.84615],
			"to": [4.4375, 2.34615, 3.07692],
			"rotation": {"angle": -22.5, "axis": "z", "origin": [3.91106, 0.5, 4]},
			"faces": {
				"north": {"uv": [9.84615, 1.84615, 9.23077, 2.46154], "rotation": 90, "texture": "#1"},
				"east": {"uv": [9.23077, 3.07692, 9.84615, 1.84615], "rotation": 270, "texture": "#1"},
				"south": {"uv": [9.23077, 2.46154, 9.84615, 3.07692], "rotation": 270, "texture": "#1"},
				"west": {"uv": [9.23077, 1.84615, 9.84615, 3.07692], "rotation": 270, "texture": "#1"},
				"up": {"uv": [9.23077, 1.84615, 9.84615, 3.07692], "texture": "#1"},
				"down": {"uv": [9.23077, 1.84615, 9.84615, 3.07692], "rotation": 180, "texture": "#1"}
			}
		},
		{
			"name": "infinate_zombie_sign_9",
			"from": [3.38462, 5.42308, 1.84615],
			"to": [4.4375, 6.03846, 3.07692],
			"rotation": {"angle": -22.5, "axis": "z", "origin": [3.91106, 0.5, 4]},
			"faces": {
				"north": {"uv": [13.53846, 1.84615, 12.92308, 2.46154], "rotation": 90, "texture": "#1"},
				"east": {"uv": [12.92308, 3.07692, 13.53846, 1.84615], "rotation": 270, "texture": "#1"},
				"south": {"uv": [12.92308, 2.46154, 13.53846, 3.07692], "rotation": 270, "texture": "#1"},
				"west": {"uv": [12.92308, 1.84615, 13.53846, 3.07692], "rotation": 270, "texture": "#1"},
				"up": {"uv": [12.92308, 1.84615, 13.53846, 3.07692], "texture": "#1"},
				"down": {"uv": [12.92308, 1.84615, 13.53846, 3.07692], "rotation": 180, "texture": "#1"}
			}
		},
		{
			"name": "infinate_zombie_sign_10",
			"from": [3.38462, -7.5, 2.46154],
			"to": [4.4375, -6.26923, 5.53846],
			"rotation": {"angle": -22.5, "axis": "z", "origin": [3.91106, 0.5, 4]},
			"faces": {
				"north": {"uv": [1.23077, 2.46154, 0, 3.07692], "rotation": 90, "texture": "#1"},
				"east": {"uv": [0, 5.53846, 1.23077, 2.46154], "rotation": 270, "texture": "#1"},
				"south": {"uv": [0, 4.92308, 1.23077, 5.53846], "rotation": 270, "texture": "#1"},
				"west": {"uv": [0, 2.46154, 1.23077, 5.53846], "rotation": 270, "texture": "#1"},
				"up": {"uv": [0.61538, 2.46154, 1.23077, 5.53846], "texture": "#1"},
				"down": {"uv": [0, 2.46154, 0.61538, 5.53846], "rotation": 180, "texture": "#1"}
			}
		},
		{
			"name": "infinate_zombie_sign_11",
			"from": [3.38462, -0.11538, 2.46154],
			"to": [4.4375, 0.5, 4.92308],
			"rotation": {"angle": -22.5, "axis": "z", "origin": [3.91106, 0.5, 4]},
			"faces": {
				"north": {"uv": [8, 2.46154, 7.38462, 3.07692], "rotation": 90, "texture": "#1"},
				"east": {"uv": [7.38462, 4.92308, 8, 2.46154], "rotation": 270, "texture": "#1"},
				"south": {"uv": [7.38462, 4.30769, 8, 4.92308], "rotation": 270, "texture": "#1"},
				"west": {"uv": [7.38462, 2.46154, 8, 4.92308], "rotation": 270, "texture": "#1"},
				"up": {"uv": [7.38462, 2.46154, 8, 4.92308], "texture": "#1"},
				"down": {"uv": [7.38462, 2.46154, 8, 4.92308], "rotation": 180, "texture": "#1"}
			}
		},
		{
			"name": "infinate_zombie_sign_12",
			"from": [3.38462, 7.26923, 2.46154],
			"to": [4.4375, 8.5, 5.53846],
			"rotation": {"angle": -22.5, "axis": "z", "origin": [3.91106, 0.5, 4]},
			"faces": {
				"north": {"uv": [16, 2.46154, 14.76923, 3.07692], "rotation": 90, "texture": "#1"},
				"east": {"uv": [14.76923, 5.53846, 16, 2.46154], "rotation": 270, "texture": "#1"},
				"south": {"uv": [14.76923, 4.92308, 16, 5.53846], "rotation": 270, "texture": "#1"},
				"west": {"uv": [14.76923, 2.46154, 16, 5.53846], "rotation": 270, "texture": "#1"},
				"up": {"uv": [15.38462, 2.46154, 16, 5.53846], "texture": "#1"},
				"down": {"uv": [14.76923, 2.46154, 15.38462, 5.53846], "rotation": 180, "texture": "#1"}
			}
		},
		{
			"name": "infinate_zombie_sign_13",
			"from": [3.38462, -6.26923, 3.07692],
			"to": [4.4375, -5.65385, 6.76923],
			"rotation": {"angle": -22.5, "axis": "z", "origin": [3.91106, 0.5, 4]},
			"faces": {
				"north": {"uv": [1.84615, 3.07692, 1.23077, 3.69231], "rotation": 90, "texture": "#1"},
				"east": {"uv": [1.23077, 6.76923, 1.84615, 3.07692], "rotation": 270, "texture": "#1"},
				"south": {"uv": [1.23077, 6.15385, 1.84615, 6.76923], "rotation": 270, "texture": "#1"},
				"west": {"uv": [1.23077, 3.07692, 1.84615, 6.76923], "rotation": 270, "texture": "#1"},
				"up": {"uv": [1.23077, 3.07692, 1.84615, 6.76923], "texture": "#1"},
				"down": {"uv": [1.23077, 3.07692, 1.84615, 6.76923], "rotation": 180, "texture": "#1"}
			}
		},
		{
			"name": "infinate_zombie_sign_14",
			"from": [3.38462, -0.73077, 3.07692],
			"to": [4.4375, -0.11538, 6.76923],
			"rotation": {"angle": -22.5, "axis": "z", "origin": [3.91106, 0.5, 4]},
			"faces": {
				"north": {"uv": [7.38462, 3.07692, 6.76923, 3.69231], "rotation": 90, "texture": "#1"},
				"east": {"uv": [6.76923, 6.76923, 7.38462, 3.07692], "rotation": 270, "texture": "#1"},
				"south": {"uv": [6.76923, 6.15385, 7.38462, 6.76923], "rotation": 270, "texture": "#1"},
				"west": {"uv": [6.76923, 3.07692, 7.38462, 6.76923], "rotation": 270, "texture": "#1"},
				"up": {"uv": [6.76923, 3.07692, 7.38462, 6.76923], "texture": "#1"},
				"down": {"uv": [6.76923, 3.07692, 7.38462, 6.76923], "rotation": 180, "texture": "#1"}
			}
		},
		{
			"name": "infinate_zombie_sign_15",
			"from": [3.38462, 0.5, 3.07692],
			"to": [4.4375, 1.11538, 6.76923],
			"rotation": {"angle": -22.5, "axis": "z", "origin": [3.91106, 0.5, 4]},
			"faces": {
				"north": {"uv": [8.61538, 3.07692, 8, 3.69231], "rotation": 90, "texture": "#1"},
				"east": {"uv": [8, 6.76923, 8.61538, 3.07692], "rotation": 270, "texture": "#1"},
				"south": {"uv": [8, 6.15385, 8.61538, 6.76923], "rotation": 270, "texture": "#1"},
				"west": {"uv": [8, 3.07692, 8.61538, 6.76923], "rotation": 270, "texture": "#1"},
				"up": {"uv": [8, 3.07692, 8.61538, 6.76923], "texture": "#1"},
				"down": {"uv": [8, 3.07692, 8.61538, 6.76923], "rotation": 180, "texture": "#1"}
			}
		},
		{
			"name": "infinate_zombie_sign_16",
			"from": [3.38462, 6.65385, 3.07692],
			"to": [4.4375, 7.26923, 6.76923],
			"rotation": {"angle": -22.5, "axis": "z", "origin": [3.91106, 0.5, 4]},
			"faces": {
				"north": {"uv": [14.76923, 3.07692, 14.15385, 3.69231], "rotation": 90, "texture": "#1"},
				"east": {"uv": [14.15385, 6.76923, 14.76923, 3.07692], "rotation": 270, "texture": "#1"},
				"south": {"uv": [14.15385, 6.15385, 14.76923, 6.76923], "rotation": 270, "texture": "#1"},
				"west": {"uv": [14.15385, 3.07692, 14.76923, 6.76923], "rotation": 270, "texture": "#1"},
				"up": {"uv": [14.15385, 3.07692, 14.76923, 6.76923], "texture": "#1"},
				"down": {"uv": [14.15385, 3.07692, 14.76923, 6.76923], "rotation": 180, "texture": "#1"}
			}
		},
		{
			"name": "infinate_zombie_sign_17",
			"from": [3.38462, -5.65385, 4.92308],
			"to": [4.4375, -4.42308, 6.76923],
			"rotation": {"angle": -22.5, "axis": "z", "origin": [3.91106, 0.5, 4]},
			"faces": {
				"north": {"uv": [3.07692, 4.92308, 1.84615, 5.53846], "rotation": 90, "texture": "#1"},
				"east": {"uv": [1.84615, 6.76923, 3.07692, 4.92308], "rotation": 270, "texture": "#1"},
				"south": {"uv": [1.84615, 6.15385, 3.07692, 6.76923], "rotation": 270, "texture": "#1"},
				"west": {"uv": [1.84615, 4.92308, 3.07692, 6.76923], "rotation": 270, "texture": "#1"},
				"up": {"uv": [2.46154, 4.92308, 3.07692, 6.76923], "texture": "#1"},
				"down": {"uv": [1.84615, 4.92308, 2.46154, 6.76923], "rotation": 180, "texture": "#1"}
			}
		},
		{
			"name": "infinate_zombie_sign_18",
			"from": [3.38462, -1.96154, 4.92308],
			"to": [4.4375, -0.73077, 6.76923],
			"rotation": {"angle": -22.5, "axis": "z", "origin": [3.91106, 0.5, 4]},
			"faces": {
				"north": {"uv": [6.76923, 4.92308, 5.53846, 5.53846], "rotation": 90, "texture": "#1"},
				"east": {"uv": [5.53846, 6.76923, 6.76923, 4.92308], "rotation": 270, "texture": "#1"},
				"south": {"uv": [5.53846, 6.15385, 6.76923, 6.76923], "rotation": 270, "texture": "#1"},
				"west": {"uv": [5.53846, 4.92308, 6.76923, 6.76923], "rotation": 270, "texture": "#1"},
				"up": {"uv": [6.15385, 4.92308, 6.76923, 6.76923], "texture": "#1"},
				"down": {"uv": [5.53846, 4.92308, 6.15385, 6.76923], "rotation": 180, "texture": "#1"}
			}
		},
		{
			"name": "infinate_zombie_sign_19",
			"from": [3.38462, 1.11538, 4.92308],
			"to": [4.4375, 2.34615, 6.76923],
			"rotation": {"angle": -22.5, "axis": "z", "origin": [3.91106, 0.5, 4]},
			"faces": {
				"north": {"uv": [9.84615, 4.92308, 8.61538, 5.53846], "rotation": 90, "texture": "#1"},
				"east": {"uv": [8.61538, 6.76923, 9.84615, 4.92308], "rotation": 270, "texture": "#1"},
				"south": {"uv": [8.61538, 6.15385, 9.84615, 6.76923], "rotation": 270, "texture": "#1"},
				"west": {"uv": [8.61538, 4.92308, 9.84615, 6.76923], "rotation": 270, "texture": "#1"},
				"up": {"uv": [9.23077, 4.92308, 9.84615, 6.76923], "texture": "#1"},
				"down": {"uv": [8.61538, 4.92308, 9.23077, 6.76923], "rotation": 180, "texture": "#1"}
			}
		},
		{
			"name": "infinate_zombie_sign_20",
			"from": [3.38462, 5.42308, 4.92308],
			"to": [4.4375, 6.65385, 6.76923],
			"rotation": {"angle": -22.5, "axis": "z", "origin": [3.91106, 0.5, 4]},
			"faces": {
				"north": {"uv": [14.15385, 4.92308, 12.92308, 5.53846], "rotation": 90, "texture": "#1"},
				"east": {"uv": [12.92308, 6.76923, 14.15385, 4.92308], "rotation": 270, "texture": "#1"},
				"south": {"uv": [12.92308, 6.15385, 14.15385, 6.76923], "rotation": 270, "texture": "#1"},
				"west": {"uv": [12.92308, 4.92308, 14.15385, 6.76923], "rotation": 270, "texture": "#1"},
				"up": {"uv": [13.53846, 4.92308, 14.15385, 6.76923], "texture": "#1"},
				"down": {"uv": [12.92308, 4.92308, 13.53846, 6.76923], "rotation": 180, "texture": "#1"}
			}
		},
		{
			"name": "infinate_zombie_sign_21",
			"from": [3.38462, -4.42308, 6.15385],
			"to": [4.4375, -1.96154, 7.38462],
			"rotation": {"angle": -22.5, "axis": "z", "origin": [3.91106, 0.5, 4]},
			"faces": {
				"north": {"uv": [5.53846, 6.15385, 3.07692, 6.76923], "rotation": 90, "texture": "#1"},
				"east": {"uv": [3.07692, 7.38462, 5.53846, 6.15385], "rotation": 270, "texture": "#1"},
				"south": {"uv": [3.07692, 6.76923, 5.53846, 7.38462], "rotation": 270, "texture": "#1"},
				"west": {"uv": [3.07692, 6.15385, 5.53846, 7.38462], "rotation": 270, "texture": "#1"},
				"up": {"uv": [4.92308, 6.15385, 5.53846, 7.38462], "texture": "#1"},
				"down": {"uv": [3.07692, 6.15385, 3.69231, 7.38462], "rotation": 180, "texture": "#1"}
			}
		},
		{
			"name": "infinate_zombie_sign_22",
			"from": [3.38462, 2.34615, 6.15385],
			"to": [4.4375, 5.42308, 7.38462],
			"rotation": {"angle": -22.5, "axis": "z", "origin": [3.91106, 0.5, 4]},
			"faces": {
				"north": {"uv": [12.92308, 6.15385, 9.84615, 6.76923], "rotation": 90, "texture": "#1"},
				"east": {"uv": [9.84615, 7.38462, 12.92308, 6.15385], "rotation": 270, "texture": "#1"},
				"south": {"uv": [9.84615, 6.76923, 12.92308, 7.38462], "rotation": 270, "texture": "#1"},
				"west": {"uv": [9.84615, 6.15385, 12.92308, 7.38462], "rotation": 270, "texture": "#1"},
				"up": {"uv": [12.30769, 6.15385, 12.92308, 7.38462], "texture": "#1"},
				"down": {"uv": [9.84615, 6.15385, 10.46154, 7.38462], "rotation": 180, "texture": "#1"}
			}
		},
		{
			"name": "infinate_zombie_sign_23",
			"from": [3.38462, -5.03846, 6.76923],
			"to": [4.4375, -4.42308, 7.38462],
			"rotation": {"angle": -22.5, "axis": "z", "origin": [3.91106, 0.5, 4]},
			"faces": {
				"north": {"uv": [3.07692, 6.76923, 2.46154, 7.38462], "rotation": 90, "texture": "#1"},
				"east": {"uv": [2.46154, 7.38462, 3.07692, 6.76923], "rotation": 270, "texture": "#1"},
				"south": {"uv": [2.46154, 6.76923, 3.07692, 7.38462], "rotation": 270, "texture": "#1"},
				"west": {"uv": [2.46154, 6.76923, 3.07692, 7.38462], "rotation": 270, "texture": "#1"},
				"up": {"uv": [2.46154, 6.76923, 3.07692, 7.38462], "texture": "#1"},
				"down": {"uv": [2.46154, 6.76923, 3.07692, 7.38462], "rotation": 180, "texture": "#1"}
			}
		},
		{
			"name": "infinate_zombie_sign_24",
			"from": [3.38462, -1.96154, 6.76923],
			"to": [4.4375, -1.34615, 7.38462],
			"rotation": {"angle": -22.5, "axis": "z", "origin": [3.91106, 0.5, 4]},
			"faces": {
				"north": {"uv": [6.15385, 6.76923, 5.53846, 7.38462], "rotation": 90, "texture": "#1"},
				"east": {"uv": [5.53846, 7.38462, 6.15385, 6.76923], "rotation": 270, "texture": "#1"},
				"south": {"uv": [5.53846, 6.76923, 6.15385, 7.38462], "rotation": 270, "texture": "#1"},
				"west": {"uv": [5.53846, 6.76923, 6.15385, 7.38462], "rotation": 270, "texture": "#1"},
				"up": {"uv": [5.53846, 6.76923, 6.15385, 7.38462], "texture": "#1"},
				"down": {"uv": [5.53846, 6.76923, 6.15385, 7.38462], "rotation": 180, "texture": "#1"}
			}
		},
		{
			"name": "infinate_zombie_sign_25",
			"from": [3.38462, 1.73077, 6.76923],
			"to": [4.4375, 2.34615, 7.38462],
			"rotation": {"angle": -22.5, "axis": "z", "origin": [3.91106, 0.5, 4]},
			"faces": {
				"north": {"uv": [9.84615, 6.76923, 9.23077, 7.38462], "rotation": 90, "texture": "#1"},
				"east": {"uv": [9.23077, 7.38462, 9.84615, 6.76923], "rotation": 270, "texture": "#1"},
				"south": {"uv": [9.23077, 6.76923, 9.84615, 7.38462], "rotation": 270, "texture": "#1"},
				"west": {"uv": [9.23077, 6.76923, 9.84615, 7.38462], "rotation": 270, "texture": "#1"},
				"up": {"uv": [9.23077, 6.76923, 9.84615, 7.38462], "texture": "#1"},
				"down": {"uv": [9.23077, 6.76923, 9.84615, 7.38462], "rotation": 180, "texture": "#1"}
			}
		},
		{
			"name": "infinate_zombie_sign_26",
			"from": [3.38462, 5.42308, 6.76923],
			"to": [4.4375, 6.03846, 7.38462],
			"rotation": {"angle": -22.5, "axis": "z", "origin": [3.91106, 0.5, 4]},
			"faces": {
				"north": {"uv": [13.53846, 6.76923, 12.92308, 7.38462], "rotation": 90, "texture": "#1"},
				"east": {"uv": [12.92308, 7.38462, 13.53846, 6.76923], "rotation": 270, "texture": "#1"},
				"south": {"uv": [12.92308, 6.76923, 13.53846, 7.38462], "rotation": 270, "texture": "#1"},
				"west": {"uv": [12.92308, 6.76923, 13.53846, 7.38462], "rotation": 270, "texture": "#1"},
				"up": {"uv": [12.92308, 6.76923, 13.53846, 7.38462], "texture": "#1"},
				"down": {"uv": [12.92308, 6.76923, 13.53846, 7.38462], "rotation": 180, "texture": "#1"}
			}
		},
		{
			"name": "infinate_zombie_sign_1",
			"from": [12.30849, -5.42114, 9],
			"to": [13.36138, -1.72884, 10.84615],
			"rotation": {"angle": 22.5, "axis": "z", "origin": [12.83494, 0.11732, 13]},
			"faces": {
				"north": {"uv": [6.15385, 0, 2.46154, 0.61538], "rotation": 90, "texture": "#1"},
				"east": {"uv": [2.46154, 1.84615, 6.15385, 0], "rotation": 270, "texture": "#1"},
				"south": {"uv": [2.46154, 1.23077, 6.15385, 1.84615], "rotation": 270, "texture": "#1"},
				"west": {"uv": [2.46154, 0, 6.15385, 1.84615], "rotation": 270, "texture": "#1"},
				"up": {"uv": [5.53846, 0, 6.15385, 1.84615], "texture": "#1"},
				"down": {"uv": [2.46154, 0, 3.07692, 1.84615], "rotation": 180, "texture": "#1"}
			}
		},
		{
			"name": "infinate_zombie_sign_2",
			"from": [12.30849, 1.34809, 9],
			"to": [13.36138, 5.65578, 10.84615],
			"rotation": {"angle": 22.5, "axis": "z", "origin": [12.83494, 0.11732, 13]},
			"faces": {
				"north": {"uv": [13.53846, 0, 9.23077, 0.61538], "rotation": 90, "texture": "#1"},
				"east": {"uv": [9.23077, 1.84615, 13.53846, 0], "rotation": 270, "texture": "#1"},
				"south": {"uv": [9.23077, 1.23077, 13.53846, 1.84615], "rotation": 270, "texture": "#1"},
				"west": {"uv": [9.23077, 0, 13.53846, 1.84615], "rotation": 270, "texture": "#1"},
				"up": {"uv": [12.92308, 0, 13.53846, 1.84615], "texture": "#1"},
				"down": {"uv": [9.23077, 0, 9.84615, 1.84615], "rotation": 180, "texture": "#1"}
			}
		},
		{
			"name": "infinate_zombie_sign_3",
			"from": [12.30849, -6.65191, 10.23077],
			"to": [13.36138, -5.42114, 12.07692],
			"rotation": {"angle": 22.5, "axis": "z", "origin": [12.83494, 0.11732, 13]},
			"faces": {
				"north": {"uv": [2.46154, 1.23077, 1.23077, 1.84615], "rotation": 90, "texture": "#1"},
				"east": {"uv": [1.23077, 3.07692, 2.46154, 1.23077], "rotation": 270, "texture": "#1"},
				"south": {"uv": [1.23077, 2.46154, 2.46154, 3.07692], "rotation": 270, "texture": "#1"},
				"west": {"uv": [1.23077, 1.23077, 2.46154, 3.07692], "rotation": 270, "texture": "#1"},
				"up": {"uv": [1.84615, 1.23077, 2.46154, 3.07692], "texture": "#1"},
				"down": {"uv": [1.23077, 1.23077, 1.84615, 3.07692], "rotation": 180, "texture": "#1"}
			}
		},
		{
			"name": "infinate_zombie_sign_4",
			"from": [12.30849, -1.72884, 10.23077],
			"to": [13.36138, -0.49807, 12.07692],
			"rotation": {"angle": 22.5, "axis": "z", "origin": [12.83494, 0.11732, 13]},
			"faces": {
				"north": {"uv": [7.38462, 1.23077, 6.15385, 1.84615], "rotation": 90, "texture": "#1"},
				"east": {"uv": [6.15385, 3.07692, 7.38462, 1.23077], "rotation": 270, "texture": "#1"},
				"south": {"uv": [6.15385, 2.46154, 7.38462, 3.07692], "rotation": 270, "texture": "#1"},
				"west": {"uv": [6.15385, 1.23077, 7.38462, 3.07692], "rotation": 270, "texture": "#1"},
				"up": {"uv": [6.76923, 1.23077, 7.38462, 3.07692], "texture": "#1"},
				"down": {"uv": [6.15385, 1.23077, 6.76923, 3.07692], "rotation": 180, "texture": "#1"}
			}
		},
		{
			"name": "infinate_zombie_sign_5",
			"from": [12.30849, 0.11732, 10.23077],
			"to": [13.36138, 1.34809, 12.07692],
			"rotation": {"angle": 22.5, "axis": "z", "origin": [12.83494, 0.11732, 13]},
			"faces": {
				"north": {"uv": [9.23077, 1.23077, 8, 1.84615], "rotation": 90, "texture": "#1"},
				"east": {"uv": [8, 3.07692, 9.23077, 1.23077], "rotation": 270, "texture": "#1"},
				"south": {"uv": [8, 2.46154, 9.23077, 3.07692], "rotation": 270, "texture": "#1"},
				"west": {"uv": [8, 1.23077, 9.23077, 3.07692], "rotation": 270, "texture": "#1"},
				"up": {"uv": [8.61538, 1.23077, 9.23077, 3.07692], "texture": "#1"},
				"down": {"uv": [8, 1.23077, 8.61538, 3.07692], "rotation": 180, "texture": "#1"}
			}
		},
		{
			"name": "infinate_zombie_sign_6",
			"from": [12.30849, 5.65578, 10.23077],
			"to": [13.36138, 6.88655, 12.07692],
			"rotation": {"angle": 22.5, "axis": "z", "origin": [12.83494, 0.11732, 13]},
			"faces": {
				"north": {"uv": [14.76923, 1.23077, 13.53846, 1.84615], "rotation": 90, "texture": "#1"},
				"east": {"uv": [13.53846, 3.07692, 14.76923, 1.23077], "rotation": 270, "texture": "#1"},
				"south": {"uv": [13.53846, 2.46154, 14.76923, 3.07692], "rotation": 270, "texture": "#1"},
				"west": {"uv": [13.53846, 1.23077, 14.76923, 3.07692], "rotation": 270, "texture": "#1"},
				"up": {"uv": [14.15385, 1.23077, 14.76923, 3.07692], "texture": "#1"},
				"down": {"uv": [13.53846, 1.23077, 14.15385, 3.07692], "rotation": 180, "texture": "#1"}
			}
		},
		{
			"name": "infinate_zombie_sign_7",
			"from": [12.30849, -5.42114, 10.84615],
			"to": [13.36138, -4.80576, 12.07692],
			"rotation": {"angle": 22.5, "axis": "z", "origin": [12.83494, 0.11732, 13]},
			"faces": {
				"north": {"uv": [3.07692, 1.84615, 2.46154, 2.46154], "rotation": 90, "texture": "#1"},
				"east": {"uv": [2.46154, 3.07692, 3.07692, 1.84615], "rotation": 270, "texture": "#1"},
				"south": {"uv": [2.46154, 2.46154, 3.07692, 3.07692], "rotation": 270, "texture": "#1"},
				"west": {"uv": [2.46154, 1.84615, 3.07692, 3.07692], "rotation": 270, "texture": "#1"},
				"up": {"uv": [2.46154, 1.84615, 3.07692, 3.07692], "texture": "#1"},
				"down": {"uv": [2.46154, 1.84615, 3.07692, 3.07692], "rotation": 180, "texture": "#1"}
			}
		},
		{
			"name": "infinate_zombie_sign_8",
			"from": [12.30849, -2.34422, 10.84615],
			"to": [13.36138, -1.72884, 12.07692],
			"rotation": {"angle": 22.5, "axis": "z", "origin": [12.83494, 0.11732, 13]},
			"faces": {
				"north": {"uv": [6.15385, 1.84615, 5.53846, 2.46154], "rotation": 90, "texture": "#1"},
				"east": {"uv": [5.53846, 3.07692, 6.15385, 1.84615], "rotation": 270, "texture": "#1"},
				"south": {"uv": [5.53846, 2.46154, 6.15385, 3.07692], "rotation": 270, "texture": "#1"},
				"west": {"uv": [5.53846, 1.84615, 6.15385, 3.07692], "rotation": 270, "texture": "#1"},
				"up": {"uv": [5.53846, 1.84615, 6.15385, 3.07692], "texture": "#1"},
				"down": {"uv": [5.53846, 1.84615, 6.15385, 3.07692], "rotation": 180, "texture": "#1"}
			}
		},
		{
			"name": "infinate_zombie_sign_9",
			"from": [12.30849, 1.34809, 10.84615],
			"to": [13.36138, 1.96347, 12.07692],
			"rotation": {"angle": 22.5, "axis": "z", "origin": [12.83494, 0.11732, 13]},
			"faces": {
				"north": {"uv": [9.84615, 1.84615, 9.23077, 2.46154], "rotation": 90, "texture": "#1"},
				"east": {"uv": [9.23077, 3.07692, 9.84615, 1.84615], "rotation": 270, "texture": "#1"},
				"south": {"uv": [9.23077, 2.46154, 9.84615, 3.07692], "rotation": 270, "texture": "#1"},
				"west": {"uv": [9.23077, 1.84615, 9.84615, 3.07692], "rotation": 270, "texture": "#1"},
				"up": {"uv": [9.23077, 1.84615, 9.84615, 3.07692], "texture": "#1"},
				"down": {"uv": [9.23077, 1.84615, 9.84615, 3.07692], "rotation": 180, "texture": "#1"}
			}
		},
		{
			"name": "infinate_zombie_sign_10",
			"from": [12.30849, 5.04039, 10.84615],
			"to": [13.36138, 5.65578, 12.07692],
			"rotation": {"angle": 22.5, "axis": "z", "origin": [12.83494, 0.11732, 13]},
			"faces": {
				"north": {"uv": [13.53846, 1.84615, 12.92308, 2.46154], "rotation": 90, "texture": "#1"},
				"east": {"uv": [12.92308, 3.07692, 13.53846, 1.84615], "rotation": 270, "texture": "#1"},
				"south": {"uv": [12.92308, 2.46154, 13.53846, 3.07692], "rotation": 270, "texture": "#1"},
				"west": {"uv": [12.92308, 1.84615, 13.53846, 3.07692], "rotation": 270, "texture": "#1"},
				"up": {"uv": [12.92308, 1.84615, 13.53846, 3.07692], "texture": "#1"},
				"down": {"uv": [12.92308, 1.84615, 13.53846, 3.07692], "rotation": 180, "texture": "#1"}
			}
		},
		{
			"name": "infinate_zombie_sign_11",
			"from": [12.30849, -7.88268, 11.46154],
			"to": [13.36138, -6.65191, 14.53846],
			"rotation": {"angle": 22.5, "axis": "z", "origin": [12.83494, 0.11732, 13]},
			"faces": {
				"north": {"uv": [1.23077, 2.46154, 0, 3.07692], "rotation": 90, "texture": "#1"},
				"east": {"uv": [0, 5.53846, 1.23077, 2.46154], "rotation": 270, "texture": "#1"},
				"south": {"uv": [0, 4.92308, 1.23077, 5.53846], "rotation": 270, "texture": "#1"},
				"west": {"uv": [0, 2.46154, 1.23077, 5.53846], "rotation": 270, "texture": "#1"},
				"up": {"uv": [0.61538, 2.46154, 1.23077, 5.53846], "texture": "#1"},
				"down": {"uv": [0, 2.46154, 0.61538, 5.53846], "rotation": 180, "texture": "#1"}
			}
		},
		{
			"name": "infinate_zombie_sign_12",
			"from": [12.30849, -0.49807, 11.46154],
			"to": [13.36138, 0.11732, 13.92308],
			"rotation": {"angle": 22.5, "axis": "z", "origin": [12.83494, 0.11732, 13]},
			"faces": {
				"north": {"uv": [8, 2.46154, 7.38462, 3.07692], "rotation": 90, "texture": "#1"},
				"east": {"uv": [7.38462, 4.92308, 8, 2.46154], "rotation": 270, "texture": "#1"},
				"south": {"uv": [7.38462, 4.30769, 8, 4.92308], "rotation": 270, "texture": "#1"},
				"west": {"uv": [7.38462, 2.46154, 8, 4.92308], "rotation": 270, "texture": "#1"},
				"up": {"uv": [7.38462, 2.46154, 8, 4.92308], "texture": "#1"},
				"down": {"uv": [7.38462, 2.46154, 8, 4.92308], "rotation": 180, "texture": "#1"}
			}
		},
		{
			"name": "infinate_zombie_sign_13",
			"from": [12.30849, 6.88655, 11.46154],
			"to": [13.36138, 8.11732, 14.53846],
			"rotation": {"angle": 22.5, "axis": "z", "origin": [12.83494, 0.11732, 13]},
			"faces": {
				"north": {"uv": [16, 2.46154, 14.76923, 3.07692], "rotation": 90, "texture": "#1"},
				"east": {"uv": [14.76923, 5.53846, 16, 2.46154], "rotation": 270, "texture": "#1"},
				"south": {"uv": [14.76923, 4.92308, 16, 5.53846], "rotation": 270, "texture": "#1"},
				"west": {"uv": [14.76923, 2.46154, 16, 5.53846], "rotation": 270, "texture": "#1"},
				"up": {"uv": [15.38462, 2.46154, 16, 5.53846], "texture": "#1"},
				"down": {"uv": [14.76923, 2.46154, 15.38462, 5.53846], "rotation": 180, "texture": "#1"}
			}
		},
		{
			"name": "infinate_zombie_sign_14",
			"from": [12.30849, -6.65191, 12.07692],
			"to": [13.36138, -6.03653, 15.76923],
			"rotation": {"angle": 22.5, "axis": "z", "origin": [12.83494, 0.11732, 13]},
			"faces": {
				"north": {"uv": [1.84615, 3.07692, 1.23077, 3.69231], "rotation": 90, "texture": "#1"},
				"east": {"uv": [1.23077, 6.76923, 1.84615, 3.07692], "rotation": 270, "texture": "#1"},
				"south": {"uv": [1.23077, 6.15385, 1.84615, 6.76923], "rotation": 270, "texture": "#1"},
				"west": {"uv": [1.23077, 3.07692, 1.84615, 6.76923], "rotation": 270, "texture": "#1"},
				"up": {"uv": [1.23077, 3.07692, 1.84615, 6.76923], "texture": "#1"},
				"down": {"uv": [1.23077, 3.07692, 1.84615, 6.76923], "rotation": 180, "texture": "#1"}
			}
		},
		{
			"name": "infinate_zombie_sign_15",
			"from": [12.30849, -1.11345, 12.07692],
			"to": [13.36138, -0.49807, 15.76923],
			"rotation": {"angle": 22.5, "axis": "z", "origin": [12.83494, 0.11732, 13]},
			"faces": {
				"north": {"uv": [7.38462, 3.07692, 6.76923, 3.69231], "rotation": 90, "texture": "#1"},
				"east": {"uv": [6.76923, 6.76923, 7.38462, 3.07692], "rotation": 270, "texture": "#1"},
				"south": {"uv": [6.76923, 6.15385, 7.38462, 6.76923], "rotation": 270, "texture": "#1"},
				"west": {"uv": [6.76923, 3.07692, 7.38462, 6.76923], "rotation": 270, "texture": "#1"},
				"up": {"uv": [6.76923, 3.07692, 7.38462, 6.76923], "texture": "#1"},
				"down": {"uv": [6.76923, 3.07692, 7.38462, 6.76923], "rotation": 180, "texture": "#1"}
			}
		},
		{
			"name": "infinate_zombie_sign_16",
			"from": [12.30849, 0.11732, 12.07692],
			"to": [13.36138, 0.7327, 15.76923],
			"rotation": {"angle": 22.5, "axis": "z", "origin": [12.83494, 0.11732, 13]},
			"faces": {
				"north": {"uv": [8.61538, 3.07692, 8, 3.69231], "rotation": 90, "texture": "#1"},
				"east": {"uv": [8, 6.76923, 8.61538, 3.07692], "rotation": 270, "texture": "#1"},
				"south": {"uv": [8, 6.15385, 8.61538, 6.76923], "rotation": 270, "texture": "#1"},
				"west": {"uv": [8, 3.07692, 8.61538, 6.76923], "rotation": 270, "texture": "#1"},
				"up": {"uv": [8, 3.07692, 8.61538, 6.76923], "texture": "#1"},
				"down": {"uv": [8, 3.07692, 8.61538, 6.76923], "rotation": 180, "texture": "#1"}
			}
		},
		{
			"name": "infinate_zombie_sign_17",
			"from": [12.30849, 6.27116, 12.07692],
			"to": [13.36138, 6.88655, 15.76923],
			"rotation": {"angle": 22.5, "axis": "z", "origin": [12.83494, 0.11732, 13]},
			"faces": {
				"north": {"uv": [14.76923, 3.07692, 14.15385, 3.69231], "rotation": 90, "texture": "#1"},
				"east": {"uv": [14.15385, 6.76923, 14.76923, 3.07692], "rotation": 270, "texture": "#1"},
				"south": {"uv": [14.15385, 6.15385, 14.76923, 6.76923], "rotation": 270, "texture": "#1"},
				"west": {"uv": [14.15385, 3.07692, 14.76923, 6.76923], "rotation": 270, "texture": "#1"},
				"up": {"uv": [14.15385, 3.07692, 14.76923, 6.76923], "texture": "#1"},
				"down": {"uv": [14.15385, 3.07692, 14.76923, 6.76923], "rotation": 180, "texture": "#1"}
			}
		},
		{
			"name": "infinate_zombie_sign_18",
			"from": [12.30849, -6.03653, 13.92308],
			"to": [13.36138, -4.80576, 15.76923],
			"rotation": {"angle": 22.5, "axis": "z", "origin": [12.83494, 0.11732, 13]},
			"faces": {
				"north": {"uv": [3.07692, 4.92308, 1.84615, 5.53846], "rotation": 90, "texture": "#1"},
				"east": {"uv": [1.84615, 6.76923, 3.07692, 4.92308], "rotation": 270, "texture": "#1"},
				"south": {"uv": [1.84615, 6.15385, 3.07692, 6.76923], "rotation": 270, "texture": "#1"},
				"west": {"uv": [1.84615, 4.92308, 3.07692, 6.76923], "rotation": 270, "texture": "#1"},
				"up": {"uv": [2.46154, 4.92308, 3.07692, 6.76923], "texture": "#1"},
				"down": {"uv": [1.84615, 4.92308, 2.46154, 6.76923], "rotation": 180, "texture": "#1"}
			}
		},
		{
			"name": "infinate_zombie_sign_19",
			"from": [12.30849, -2.34422, 13.92308],
			"to": [13.36138, -1.11345, 15.76923],
			"rotation": {"angle": 22.5, "axis": "z", "origin": [12.83494, 0.11732, 13]},
			"faces": {
				"north": {"uv": [6.76923, 4.92308, 5.53846, 5.53846], "rotation": 90, "texture": "#1"},
				"east": {"uv": [5.53846, 6.76923, 6.76923, 4.92308], "rotation": 270, "texture": "#1"},
				"south": {"uv": [5.53846, 6.15385, 6.76923, 6.76923], "rotation": 270, "texture": "#1"},
				"west": {"uv": [5.53846, 4.92308, 6.76923, 6.76923], "rotation": 270, "texture": "#1"},
				"up": {"uv": [6.15385, 4.92308, 6.76923, 6.76923], "texture": "#1"},
				"down": {"uv": [5.53846, 4.92308, 6.15385, 6.76923], "rotation": 180, "texture": "#1"}
			}
		},
		{
			"name": "infinate_zombie_sign_20",
			"from": [12.30849, 0.7327, 13.92308],
			"to": [13.36138, 1.96347, 15.76923],
			"rotation": {"angle": 22.5, "axis": "z", "origin": [12.83494, 0.11732, 13]},
			"faces": {
				"north": {"uv": [9.84615, 4.92308, 8.61538, 5.53846], "rotation": 90, "texture": "#1"},
				"east": {"uv": [8.61538, 6.76923, 9.84615, 4.92308], "rotation": 270, "texture": "#1"},
				"south": {"uv": [8.61538, 6.15385, 9.84615, 6.76923], "rotation": 270, "texture": "#1"},
				"west": {"uv": [8.61538, 4.92308, 9.84615, 6.76923], "rotation": 270, "texture": "#1"},
				"up": {"uv": [9.23077, 4.92308, 9.84615, 6.76923], "texture": "#1"},
				"down": {"uv": [8.61538, 4.92308, 9.23077, 6.76923], "rotation": 180, "texture": "#1"}
			}
		},
		{
			"name": "infinate_zombie_sign_21",
			"from": [12.30849, 5.04039, 13.92308],
			"to": [13.36138, 6.27116, 15.76923],
			"rotation": {"angle": 22.5, "axis": "z", "origin": [12.83494, 0.11732, 13]},
			"faces": {
				"north": {"uv": [14.15385, 4.92308, 12.92308, 5.53846], "rotation": 90, "texture": "#1"},
				"east": {"uv": [12.92308, 6.76923, 14.15385, 4.92308], "rotation": 270, "texture": "#1"},
				"south": {"uv": [12.92308, 6.15385, 14.15385, 6.76923], "rotation": 270, "texture": "#1"},
				"west": {"uv": [12.92308, 4.92308, 14.15385, 6.76923], "rotation": 270, "texture": "#1"},
				"up": {"uv": [13.53846, 4.92308, 14.15385, 6.76923], "texture": "#1"},
				"down": {"uv": [12.92308, 4.92308, 13.53846, 6.76923], "rotation": 180, "texture": "#1"}
			}
		},
		{
			"name": "infinate_zombie_sign_22",
			"from": [12.30849, -4.80576, 15.15385],
			"to": [13.36138, -2.34422, 16.38462],
			"rotation": {"angle": 22.5, "axis": "z", "origin": [12.83494, 0.11732, 13]},
			"faces": {
				"north": {"uv": [5.53846, 6.15385, 3.07692, 6.76923], "rotation": 90, "texture": "#1"},
				"east": {"uv": [3.07692, 7.38462, 5.53846, 6.15385], "rotation": 270, "texture": "#1"},
				"south": {"uv": [3.07692, 6.76923, 5.53846, 7.38462], "rotation": 270, "texture": "#1"},
				"west": {"uv": [3.07692, 6.15385, 5.53846, 7.38462], "rotation": 270, "texture": "#1"},
				"up": {"uv": [4.92308, 6.15385, 5.53846, 7.38462], "texture": "#1"},
				"down": {"uv": [3.07692, 6.15385, 3.69231, 7.38462], "rotation": 180, "texture": "#1"}
			}
		},
		{
			"name": "infinate_zombie_sign_23",
			"from": [12.30849, 1.96347, 15.15385],
			"to": [13.36138, 5.04039, 16.38462],
			"rotation": {"angle": 22.5, "axis": "z", "origin": [12.83494, 0.11732, 13]},
			"faces": {
				"north": {"uv": [12.92308, 6.15385, 9.84615, 6.76923], "rotation": 90, "texture": "#1"},
				"east": {"uv": [9.84615, 7.38462, 12.92308, 6.15385], "rotation": 270, "texture": "#1"},
				"south": {"uv": [9.84615, 6.76923, 12.92308, 7.38462], "rotation": 270, "texture": "#1"},
				"west": {"uv": [9.84615, 6.15385, 12.92308, 7.38462], "rotation": 270, "texture": "#1"},
				"up": {"uv": [12.30769, 6.15385, 12.92308, 7.38462], "texture": "#1"},
				"down": {"uv": [9.84615, 6.15385, 10.46154, 7.38462], "rotation": 180, "texture": "#1"}
			}
		},
		{
			"name": "infinate_zombie_sign_24",
			"from": [12.30849, -5.42114, 15.76923],
			"to": [13.36138, -4.80576, 16.38462],
			"rotation": {"angle": 22.5, "axis": "z", "origin": [12.83494, 0.11732, 13]},
			"faces": {
				"north": {"uv": [3.07692, 6.76923, 2.46154, 7.38462], "rotation": 90, "texture": "#1"},
				"east": {"uv": [2.46154, 7.38462, 3.07692, 6.76923], "rotation": 270, "texture": "#1"},
				"south": {"uv": [2.46154, 6.76923, 3.07692, 7.38462], "rotation": 270, "texture": "#1"},
				"west": {"uv": [2.46154, 6.76923, 3.07692, 7.38462], "rotation": 270, "texture": "#1"},
				"up": {"uv": [2.46154, 6.76923, 3.07692, 7.38462], "texture": "#1"},
				"down": {"uv": [2.46154, 6.76923, 3.07692, 7.38462], "rotation": 180, "texture": "#1"}
			}
		},
		{
			"name": "infinate_zombie_sign_25",
			"from": [12.30849, -2.34422, 15.76923],
			"to": [13.36138, -1.72884, 16.38462],
			"rotation": {"angle": 22.5, "axis": "z", "origin": [12.83494, 0.11732, 13]},
			"faces": {
				"north": {"uv": [6.15385, 6.76923, 5.53846, 7.38462], "rotation": 90, "texture": "#1"},
				"east": {"uv": [5.53846, 7.38462, 6.15385, 6.76923], "rotation": 270, "texture": "#1"},
				"south": {"uv": [5.53846, 6.76923, 6.15385, 7.38462], "rotation": 270, "texture": "#1"},
				"west": {"uv": [5.53846, 6.76923, 6.15385, 7.38462], "rotation": 270, "texture": "#1"},
				"up": {"uv": [5.53846, 6.76923, 6.15385, 7.38462], "texture": "#1"},
				"down": {"uv": [5.53846, 6.76923, 6.15385, 7.38462], "rotation": 180, "texture": "#1"}
			}
		},
		{
			"name": "infinate_zombie_sign_26",
			"from": [12.30849, 1.34809, 15.76923],
			"to": [13.36138, 1.96347, 16.38462],
			"rotation": {"angle": 22.5, "axis": "z", "origin": [12.83494, 0.11732, 13]},
			"faces": {
				"north": {"uv": [9.84615, 6.76923, 9.23077, 7.38462], "rotation": 90, "texture": "#1"},
				"east": {"uv": [9.23077, 7.38462, 9.84615, 6.76923], "rotation": 270, "texture": "#1"},
				"south": {"uv": [9.23077, 6.76923, 9.84615, 7.38462], "rotation": 270, "texture": "#1"},
				"west": {"uv": [9.23077, 6.76923, 9.84615, 7.38462], "rotation": 270, "texture": "#1"},
				"up": {"uv": [9.23077, 6.76923, 9.84615, 7.38462], "texture": "#1"},
				"down": {"uv": [9.23077, 6.76923, 9.84615, 7.38462], "rotation": 180, "texture": "#1"}
			}
		},
		{
			"name": "infinate_zombie_sign_27",
			"from": [12.30849, 5.04039, 15.76923],
			"to": [13.36138, 5.65578, 16.38462],
			"rotation": {"angle": 22.5, "axis": "z", "origin": [12.83494, 0.11732, 13]},
			"faces": {
				"north": {"uv": [13.53846, 6.76923, 12.92308, 7.38462], "rotation": 90, "texture": "#1"},
				"east": {"uv": [12.92308, 7.38462, 13.53846, 6.76923], "rotation": 270, "texture": "#1"},
				"south": {"uv": [12.92308, 6.76923, 13.53846, 7.38462], "rotation": 270, "texture": "#1"},
				"west": {"uv": [12.92308, 6.76923, 13.53846, 7.38462], "rotation": 270, "texture": "#1"},
				"up": {"uv": [12.92308, 6.76923, 13.53846, 7.38462], "texture": "#1"},
				"down": {"uv": [12.92308, 6.76923, 13.53846, 7.38462], "rotation": 180, "texture": "#1"}
			}
		},
		{
			"name": "infinate_zombie_sign_1",
			"from": [12.30849, -5.42114, 9],
			"to": [13.36138, -1.72884, 10.84615],
			"rotation": {"angle": 22.5, "axis": "z", "origin": [12.83494, 0.11732, 13]},
			"faces": {
				"north": {"uv": [6.15385, 0, 2.46154, 0.61538], "rotation": 90, "texture": "#1"},
				"east": {"uv": [2.46154, 1.84615, 6.15385, 0], "rotation": 270, "texture": "#1"},
				"south": {"uv": [2.46154, 1.23077, 6.15385, 1.84615], "rotation": 270, "texture": "#1"},
				"west": {"uv": [2.46154, 0, 6.15385, 1.84615], "rotation": 270, "texture": "#1"},
				"up": {"uv": [5.53846, 0, 6.15385, 1.84615], "texture": "#1"},
				"down": {"uv": [2.46154, 0, 3.07692, 1.84615], "rotation": 180, "texture": "#1"}
			}
		},
		{
			"name": "infinate_zombie_sign_2",
			"from": [12.30849, 1.34809, 9],
			"to": [13.36138, 5.65578, 10.84615],
			"rotation": {"angle": 22.5, "axis": "z", "origin": [12.83494, 0.11732, 13]},
			"faces": {
				"north": {"uv": [13.53846, 0, 9.23077, 0.61538], "rotation": 90, "texture": "#1"},
				"east": {"uv": [9.23077, 1.84615, 13.53846, 0], "rotation": 270, "texture": "#1"},
				"south": {"uv": [9.23077, 1.23077, 13.53846, 1.84615], "rotation": 270, "texture": "#1"},
				"west": {"uv": [9.23077, 0, 13.53846, 1.84615], "rotation": 270, "texture": "#1"},
				"up": {"uv": [12.92308, 0, 13.53846, 1.84615], "texture": "#1"},
				"down": {"uv": [9.23077, 0, 9.84615, 1.84615], "rotation": 180, "texture": "#1"}
			}
		},
		{
			"name": "infinate_zombie_sign_3",
			"from": [12.30849, -6.65191, 10.23077],
			"to": [13.36138, -5.42114, 12.07692],
			"rotation": {"angle": 22.5, "axis": "z", "origin": [12.83494, 0.11732, 13]},
			"faces": {
				"north": {"uv": [2.46154, 1.23077, 1.23077, 1.84615], "rotation": 90, "texture": "#1"},
				"east": {"uv": [1.23077, 3.07692, 2.46154, 1.23077], "rotation": 270, "texture": "#1"},
				"south": {"uv": [1.23077, 2.46154, 2.46154, 3.07692], "rotation": 270, "texture": "#1"},
				"west": {"uv": [1.23077, 1.23077, 2.46154, 3.07692], "rotation": 270, "texture": "#1"},
				"up": {"uv": [1.84615, 1.23077, 2.46154, 3.07692], "texture": "#1"},
				"down": {"uv": [1.23077, 1.23077, 1.84615, 3.07692], "rotation": 180, "texture": "#1"}
			}
		},
		{
			"name": "infinate_zombie_sign_4",
			"from": [12.30849, -1.72884, 10.23077],
			"to": [13.36138, -0.49807, 12.07692],
			"rotation": {"angle": 22.5, "axis": "z", "origin": [12.83494, 0.11732, 13]},
			"faces": {
				"north": {"uv": [7.38462, 1.23077, 6.15385, 1.84615], "rotation": 90, "texture": "#1"},
				"east": {"uv": [6.15385, 3.07692, 7.38462, 1.23077], "rotation": 270, "texture": "#1"},
				"south": {"uv": [6.15385, 2.46154, 7.38462, 3.07692], "rotation": 270, "texture": "#1"},
				"west": {"uv": [6.15385, 1.23077, 7.38462, 3.07692], "rotation": 270, "texture": "#1"},
				"up": {"uv": [6.76923, 1.23077, 7.38462, 3.07692], "texture": "#1"},
				"down": {"uv": [6.15385, 1.23077, 6.76923, 3.07692], "rotation": 180, "texture": "#1"}
			}
		},
		{
			"name": "infinate_zombie_sign_5",
			"from": [12.30849, 0.11732, 10.23077],
			"to": [13.36138, 1.34809, 12.07692],
			"rotation": {"angle": 22.5, "axis": "z", "origin": [12.83494, 0.11732, 13]},
			"faces": {
				"north": {"uv": [9.23077, 1.23077, 8, 1.84615], "rotation": 90, "texture": "#1"},
				"east": {"uv": [8, 3.07692, 9.23077, 1.23077], "rotation": 270, "texture": "#1"},
				"south": {"uv": [8, 2.46154, 9.23077, 3.07692], "rotation": 270, "texture": "#1"},
				"west": {"uv": [8, 1.23077, 9.23077, 3.07692], "rotation": 270, "texture": "#1"},
				"up": {"uv": [8.61538, 1.23077, 9.23077, 3.07692], "texture": "#1"},
				"down": {"uv": [8, 1.23077, 8.61538, 3.07692], "rotation": 180, "texture": "#1"}
			}
		},
		{
			"name": "infinate_zombie_sign_6",
			"from": [12.30849, 5.65578, 10.23077],
			"to": [13.36138, 6.88655, 12.07692],
			"rotation": {"angle": 22.5, "axis": "z", "origin": [12.83494, 0.11732, 13]},
			"faces": {
				"north": {"uv": [14.76923, 1.23077, 13.53846, 1.84615], "rotation": 90, "texture": "#1"},
				"east": {"uv": [13.53846, 3.07692, 14.76923, 1.23077], "rotation": 270, "texture": "#1"},
				"south": {"uv": [13.53846, 2.46154, 14.76923, 3.07692], "rotation": 270, "texture": "#1"},
				"west": {"uv": [13.53846, 1.23077, 14.76923, 3.07692], "rotation": 270, "texture": "#1"},
				"up": {"uv": [14.15385, 1.23077, 14.76923, 3.07692], "texture": "#1"},
				"down": {"uv": [13.53846, 1.23077, 14.15385, 3.07692], "rotation": 180, "texture": "#1"}
			}
		},
		{
			"name": "infinate_zombie_sign_7",
			"from": [12.30849, -5.42114, 10.84615],
			"to": [13.36138, -4.80576, 12.07692],
			"rotation": {"angle": 22.5, "axis": "z", "origin": [12.83494, 0.11732, 13]},
			"faces": {
				"north": {"uv": [3.07692, 1.84615, 2.46154, 2.46154], "rotation": 90, "texture": "#1"},
				"east": {"uv": [2.46154, 3.07692, 3.07692, 1.84615], "rotation": 270, "texture": "#1"},
				"south": {"uv": [2.46154, 2.46154, 3.07692, 3.07692], "rotation": 270, "texture": "#1"},
				"west": {"uv": [2.46154, 1.84615, 3.07692, 3.07692], "rotation": 270, "texture": "#1"},
				"up": {"uv": [2.46154, 1.84615, 3.07692, 3.07692], "texture": "#1"},
				"down": {"uv": [2.46154, 1.84615, 3.07692, 3.07692], "rotation": 180, "texture": "#1"}
			}
		},
		{
			"name": "infinate_zombie_sign_8",
			"from": [12.30849, -2.34422, 10.84615],
			"to": [13.36138, -1.72884, 12.07692],
			"rotation": {"angle": 22.5, "axis": "z", "origin": [12.83494, 0.11732, 13]},
			"faces": {
				"north": {"uv": [6.15385, 1.84615, 5.53846, 2.46154], "rotation": 90, "texture": "#1"},
				"east": {"uv": [5.53846, 3.07692, 6.15385, 1.84615], "rotation": 270, "texture": "#1"},
				"south": {"uv": [5.53846, 2.46154, 6.15385, 3.07692], "rotation": 270, "texture": "#1"},
				"west": {"uv": [5.53846, 1.84615, 6.15385, 3.07692], "rotation": 270, "texture": "#1"},
				"up": {"uv": [5.53846, 1.84615, 6.15385, 3.07692], "texture": "#1"},
				"down": {"uv": [5.53846, 1.84615, 6.15385, 3.07692], "rotation": 180, "texture": "#1"}
			}
		},
		{
			"name": "infinate_zombie_sign_9",
			"from": [12.30849, 1.34809, 10.84615],
			"to": [13.36138, 1.96347, 12.07692],
			"rotation": {"angle": 22.5, "axis": "z", "origin": [12.83494, 0.11732, 13]},
			"faces": {
				"north": {"uv": [9.84615, 1.84615, 9.23077, 2.46154], "rotation": 90, "texture": "#1"},
				"east": {"uv": [9.23077, 3.07692, 9.84615, 1.84615], "rotation": 270, "texture": "#1"},
				"south": {"uv": [9.23077, 2.46154, 9.84615, 3.07692], "rotation": 270, "texture": "#1"},
				"west": {"uv": [9.23077, 1.84615, 9.84615, 3.07692], "rotation": 270, "texture": "#1"},
				"up": {"uv": [9.23077, 1.84615, 9.84615, 3.07692], "texture": "#1"},
				"down": {"uv": [9.23077, 1.84615, 9.84615, 3.07692], "rotation": 180, "texture": "#1"}
			}
		},
		{
			"name": "infinate_zombie_sign_10",
			"from": [12.30849, 5.04039, 10.84615],
			"to": [13.36138, 5.65578, 12.07692],
			"rotation": {"angle": 22.5, "axis": "z", "origin": [12.83494, 0.11732, 13]},
			"faces": {
				"north": {"uv": [13.53846, 1.84615, 12.92308, 2.46154], "rotation": 90, "texture": "#1"},
				"east": {"uv": [12.92308, 3.07692, 13.53846, 1.84615], "rotation": 270, "texture": "#1"},
				"south": {"uv": [12.92308, 2.46154, 13.53846, 3.07692], "rotation": 270, "texture": "#1"},
				"west": {"uv": [12.92308, 1.84615, 13.53846, 3.07692], "rotation": 270, "texture": "#1"},
				"up": {"uv": [12.92308, 1.84615, 13.53846, 3.07692], "texture": "#1"},
				"down": {"uv": [12.92308, 1.84615, 13.53846, 3.07692], "rotation": 180, "texture": "#1"}
			}
		},
		{
			"name": "infinate_zombie_sign_11",
			"from": [12.30849, -7.88268, 11.46154],
			"to": [13.36138, -6.65191, 14.53846],
			"rotation": {"angle": 22.5, "axis": "z", "origin": [12.83494, 0.11732, 13]},
			"faces": {
				"north": {"uv": [1.23077, 2.46154, 0, 3.07692], "rotation": 90, "texture": "#1"},
				"east": {"uv": [0, 5.53846, 1.23077, 2.46154], "rotation": 270, "texture": "#1"},
				"south": {"uv": [0, 4.92308, 1.23077, 5.53846], "rotation": 270, "texture": "#1"},
				"west": {"uv": [0, 2.46154, 1.23077, 5.53846], "rotation": 270, "texture": "#1"},
				"up": {"uv": [0.61538, 2.46154, 1.23077, 5.53846], "texture": "#1"},
				"down": {"uv": [0, 2.46154, 0.61538, 5.53846], "rotation": 180, "texture": "#1"}
			}
		},
		{
			"name": "infinate_zombie_sign_12",
			"from": [12.30849, -0.49807, 11.46154],
			"to": [13.36138, 0.11732, 13.92308],
			"rotation": {"angle": 22.5, "axis": "z", "origin": [12.83494, 0.11732, 13]},
			"faces": {
				"north": {"uv": [8, 2.46154, 7.38462, 3.07692], "rotation": 90, "texture": "#1"},
				"east": {"uv": [7.38462, 4.92308, 8, 2.46154], "rotation": 270, "texture": "#1"},
				"south": {"uv": [7.38462, 4.30769, 8, 4.92308], "rotation": 270, "texture": "#1"},
				"west": {"uv": [7.38462, 2.46154, 8, 4.92308], "rotation": 270, "texture": "#1"},
				"up": {"uv": [7.38462, 2.46154, 8, 4.92308], "texture": "#1"},
				"down": {"uv": [7.38462, 2.46154, 8, 4.92308], "rotation": 180, "texture": "#1"}
			}
		},
		{
			"name": "infinate_zombie_sign_13",
			"from": [12.30849, 6.88655, 11.46154],
			"to": [13.36138, 8.11732, 14.53846],
			"rotation": {"angle": 22.5, "axis": "z", "origin": [12.83494, 0.11732, 13]},
			"faces": {
				"north": {"uv": [16, 2.46154, 14.76923, 3.07692], "rotation": 90, "texture": "#1"},
				"east": {"uv": [14.76923, 5.53846, 16, 2.46154], "rotation": 270, "texture": "#1"},
				"south": {"uv": [14.76923, 4.92308, 16, 5.53846], "rotation": 270, "texture": "#1"},
				"west": {"uv": [14.76923, 2.46154, 16, 5.53846], "rotation": 270, "texture": "#1"},
				"up": {"uv": [15.38462, 2.46154, 16, 5.53846], "texture": "#1"},
				"down": {"uv": [14.76923, 2.46154, 15.38462, 5.53846], "rotation": 180, "texture": "#1"}
			}
		},
		{
			"name": "infinate_zombie_sign_14",
			"from": [12.30849, -6.65191, 12.07692],
			"to": [13.36138, -6.03653, 15.76923],
			"rotation": {"angle": 22.5, "axis": "z", "origin": [12.83494, 0.11732, 13]},
			"faces": {
				"north": {"uv": [1.84615, 3.07692, 1.23077, 3.69231], "rotation": 90, "texture": "#1"},
				"east": {"uv": [1.23077, 6.76923, 1.84615, 3.07692], "rotation": 270, "texture": "#1"},
				"south": {"uv": [1.23077, 6.15385, 1.84615, 6.76923], "rotation": 270, "texture": "#1"},
				"west": {"uv": [1.23077, 3.07692, 1.84615, 6.76923], "rotation": 270, "texture": "#1"},
				"up": {"uv": [1.23077, 3.07692, 1.84615, 6.76923], "texture": "#1"},
				"down": {"uv": [1.23077, 3.07692, 1.84615, 6.76923], "rotation": 180, "texture": "#1"}
			}
		},
		{
			"name": "infinate_zombie_sign_15",
			"from": [12.30849, -1.11345, 12.07692],
			"to": [13.36138, -0.49807, 15.76923],
			"rotation": {"angle": 22.5, "axis": "z", "origin": [12.83494, 0.11732, 13]},
			"faces": {
				"north": {"uv": [7.38462, 3.07692, 6.76923, 3.69231], "rotation": 90, "texture": "#1"},
				"east": {"uv": [6.76923, 6.76923, 7.38462, 3.07692], "rotation": 270, "texture": "#1"},
				"south": {"uv": [6.76923, 6.15385, 7.38462, 6.76923], "rotation": 270, "texture": "#1"},
				"west": {"uv": [6.76923, 3.07692, 7.38462, 6.76923], "rotation": 270, "texture": "#1"},
				"up": {"uv": [6.76923, 3.07692, 7.38462, 6.76923], "texture": "#1"},
				"down": {"uv": [6.76923, 3.07692, 7.38462, 6.76923], "rotation": 180, "texture": "#1"}
			}
		},
		{
			"name": "infinate_zombie_sign_16",
			"from": [12.30849, 0.11732, 12.07692],
			"to": [13.36138, 0.7327, 15.76923],
			"rotation": {"angle": 22.5, "axis": "z", "origin": [12.83494, 0.11732, 13]},
			"faces": {
				"north": {"uv": [8.61538, 3.07692, 8, 3.69231], "rotation": 90, "texture": "#1"},
				"east": {"uv": [8, 6.76923, 8.61538, 3.07692], "rotation": 270, "texture": "#1"},
				"south": {"uv": [8, 6.15385, 8.61538, 6.76923], "rotation": 270, "texture": "#1"},
				"west": {"uv": [8, 3.07692, 8.61538, 6.76923], "rotation": 270, "texture": "#1"},
				"up": {"uv": [8, 3.07692, 8.61538, 6.76923], "texture": "#1"},
				"down": {"uv": [8, 3.07692, 8.61538, 6.76923], "rotation": 180, "texture": "#1"}
			}
		},
		{
			"name": "infinate_zombie_sign_17",
			"from": [12.30849, 6.27116, 12.07692],
			"to": [13.36138, 6.88655, 15.76923],
			"rotation": {"angle": 22.5, "axis": "z", "origin": [12.83494, 0.11732, 13]},
			"faces": {
				"north": {"uv": [14.76923, 3.07692, 14.15385, 3.69231], "rotation": 90, "texture": "#1"},
				"east": {"uv": [14.15385, 6.76923, 14.76923, 3.07692], "rotation": 270, "texture": "#1"},
				"south": {"uv": [14.15385, 6.15385, 14.76923, 6.76923], "rotation": 270, "texture": "#1"},
				"west": {"uv": [14.15385, 3.07692, 14.76923, 6.76923], "rotation": 270, "texture": "#1"},
				"up": {"uv": [14.15385, 3.07692, 14.76923, 6.76923], "texture": "#1"},
				"down": {"uv": [14.15385, 3.07692, 14.76923, 6.76923], "rotation": 180, "texture": "#1"}
			}
		},
		{
			"name": "infinate_zombie_sign_18",
			"from": [12.30849, -6.03653, 13.92308],
			"to": [13.36138, -4.80576, 15.76923],
			"rotation": {"angle": 22.5, "axis": "z", "origin": [12.83494, 0.11732, 13]},
			"faces": {
				"north": {"uv": [3.07692, 4.92308, 1.84615, 5.53846], "rotation": 90, "texture": "#1"},
				"east": {"uv": [1.84615, 6.76923, 3.07692, 4.92308], "rotation": 270, "texture": "#1"},
				"south": {"uv": [1.84615, 6.15385, 3.07692, 6.76923], "rotation": 270, "texture": "#1"},
				"west": {"uv": [1.84615, 4.92308, 3.07692, 6.76923], "rotation": 270, "texture": "#1"},
				"up": {"uv": [2.46154, 4.92308, 3.07692, 6.76923], "texture": "#1"},
				"down": {"uv": [1.84615, 4.92308, 2.46154, 6.76923], "rotation": 180, "texture": "#1"}
			}
		},
		{
			"name": "infinate_zombie_sign_19",
			"from": [12.30849, -2.34422, 13.92308],
			"to": [13.36138, -1.11345, 15.76923],
			"rotation": {"angle": 22.5, "axis": "z", "origin": [12.83494, 0.11732, 13]},
			"faces": {
				"north": {"uv": [6.76923, 4.92308, 5.53846, 5.53846], "rotation": 90, "texture": "#1"},
				"east": {"uv": [5.53846, 6.76923, 6.76923, 4.92308], "rotation": 270, "texture": "#1"},
				"south": {"uv": [5.53846, 6.15385, 6.76923, 6.76923], "rotation": 270, "texture": "#1"},
				"west": {"uv": [5.53846, 4.92308, 6.76923, 6.76923], "rotation": 270, "texture": "#1"},
				"up": {"uv": [6.15385, 4.92308, 6.76923, 6.76923], "texture": "#1"},
				"down": {"uv": [5.53846, 4.92308, 6.15385, 6.76923], "rotation": 180, "texture": "#1"}
			}
		},
		{
			"name": "infinate_zombie_sign_20",
			"from": [12.30849, 0.7327, 13.92308],
			"to": [13.36138, 1.96347, 15.76923],
			"rotation": {"angle": 22.5, "axis": "z", "origin": [12.83494, 0.11732, 13]},
			"faces": {
				"north": {"uv": [9.84615, 4.92308, 8.61538, 5.53846], "rotation": 90, "texture": "#1"},
				"east": {"uv": [8.61538, 6.76923, 9.84615, 4.92308], "rotation": 270, "texture": "#1"},
				"south": {"uv": [8.61538, 6.15385, 9.84615, 6.76923], "rotation": 270, "texture": "#1"},
				"west": {"uv": [8.61538, 4.92308, 9.84615, 6.76923], "rotation": 270, "texture": "#1"},
				"up": {"uv": [9.23077, 4.92308, 9.84615, 6.76923], "texture": "#1"},
				"down": {"uv": [8.61538, 4.92308, 9.23077, 6.76923], "rotation": 180, "texture": "#1"}
			}
		},
		{
			"name": "infinate_zombie_sign_21",
			"from": [12.30849, 5.04039, 13.92308],
			"to": [13.36138, 6.27116, 15.76923],
			"rotation": {"angle": 22.5, "axis": "z", "origin": [12.83494, 0.11732, 13]},
			"faces": {
				"north": {"uv": [14.15385, 4.92308, 12.92308, 5.53846], "rotation": 90, "texture": "#1"},
				"east": {"uv": [12.92308, 6.76923, 14.15385, 4.92308], "rotation": 270, "texture": "#1"},
				"south": {"uv": [12.92308, 6.15385, 14.15385, 6.76923], "rotation": 270, "texture": "#1"},
				"west": {"uv": [12.92308, 4.92308, 14.15385, 6.76923], "rotation": 270, "texture": "#1"},
				"up": {"uv": [13.53846, 4.92308, 14.15385, 6.76923], "texture": "#1"},
				"down": {"uv": [12.92308, 4.92308, 13.53846, 6.76923], "rotation": 180, "texture": "#1"}
			}
		},
		{
			"name": "infinate_zombie_sign_22",
			"from": [12.30849, -4.80576, 15.15385],
			"to": [13.36138, -2.34422, 16.38462],
			"rotation": {"angle": 22.5, "axis": "z", "origin": [12.83494, 0.11732, 13]},
			"faces": {
				"north": {"uv": [5.53846, 6.15385, 3.07692, 6.76923], "rotation": 90, "texture": "#1"},
				"east": {"uv": [3.07692, 7.38462, 5.53846, 6.15385], "rotation": 270, "texture": "#1"},
				"south": {"uv": [3.07692, 6.76923, 5.53846, 7.38462], "rotation": 270, "texture": "#1"},
				"west": {"uv": [3.07692, 6.15385, 5.53846, 7.38462], "rotation": 270, "texture": "#1"},
				"up": {"uv": [4.92308, 6.15385, 5.53846, 7.38462], "texture": "#1"},
				"down": {"uv": [3.07692, 6.15385, 3.69231, 7.38462], "rotation": 180, "texture": "#1"}
			}
		},
		{
			"name": "infinate_zombie_sign_23",
			"from": [12.30849, 1.96347, 15.15385],
			"to": [13.36138, 5.04039, 16.38462],
			"rotation": {"angle": 22.5, "axis": "z", "origin": [12.83494, 0.11732, 13]},
			"faces": {
				"north": {"uv": [12.92308, 6.15385, 9.84615, 6.76923], "rotation": 90, "texture": "#1"},
				"east": {"uv": [9.84615, 7.38462, 12.92308, 6.15385], "rotation": 270, "texture": "#1"},
				"south": {"uv": [9.84615, 6.76923, 12.92308, 7.38462], "rotation": 270, "texture": "#1"},
				"west": {"uv": [9.84615, 6.15385, 12.92308, 7.38462], "rotation": 270, "texture": "#1"},
				"up": {"uv": [12.30769, 6.15385, 12.92308, 7.38462], "texture": "#1"},
				"down": {"uv": [9.84615, 6.15385, 10.46154, 7.38462], "rotation": 180, "texture": "#1"}
			}
		},
		{
			"name": "infinate_zombie_sign_24",
			"from": [12.30849, -5.42114, 15.76923],
			"to": [13.36138, -4.80576, 16.38462],
			"rotation": {"angle": 22.5, "axis": "z", "origin": [12.83494, 0.11732, 13]},
			"faces": {
				"north": {"uv": [3.07692, 6.76923, 2.46154, 7.38462], "rotation": 90, "texture": "#1"},
				"east": {"uv": [2.46154, 7.38462, 3.07692, 6.76923], "rotation": 270, "texture": "#1"},
				"south": {"uv": [2.46154, 6.76923, 3.07692, 7.38462], "rotation": 270, "texture": "#1"},
				"west": {"uv": [2.46154, 6.76923, 3.07692, 7.38462], "rotation": 270, "texture": "#1"},
				"up": {"uv": [2.46154, 6.76923, 3.07692, 7.38462], "texture": "#1"},
				"down": {"uv": [2.46154, 6.76923, 3.07692, 7.38462], "rotation": 180, "texture": "#1"}
			}
		},
		{
			"name": "infinate_zombie_sign_25",
			"from": [12.30849, -2.34422, 15.76923],
			"to": [13.36138, -1.72884, 16.38462],
			"rotation": {"angle": 22.5, "axis": "z", "origin": [12.83494, 0.11732, 13]},
			"faces": {
				"north": {"uv": [6.15385, 6.76923, 5.53846, 7.38462], "rotation": 90, "texture": "#1"},
				"east": {"uv": [5.53846, 7.38462, 6.15385, 6.76923], "rotation": 270, "texture": "#1"},
				"south": {"uv": [5.53846, 6.76923, 6.15385, 7.38462], "rotation": 270, "texture": "#1"},
				"west": {"uv": [5.53846, 6.76923, 6.15385, 7.38462], "rotation": 270, "texture": "#1"},
				"up": {"uv": [5.53846, 6.76923, 6.15385, 7.38462], "texture": "#1"},
				"down": {"uv": [5.53846, 6.76923, 6.15385, 7.38462], "rotation": 180, "texture": "#1"}
			}
		},
		{
			"name": "infinate_zombie_sign_26",
			"from": [12.30849, 1.34809, 15.76923],
			"to": [13.36138, 1.96347, 16.38462],
			"rotation": {"angle": 22.5, "axis": "z", "origin": [12.83494, 0.11732, 13]},
			"faces": {
				"north": {"uv": [9.84615, 6.76923, 9.23077, 7.38462], "rotation": 90, "texture": "#1"},
				"east": {"uv": [9.23077, 7.38462, 9.84615, 6.76923], "rotation": 270, "texture": "#1"},
				"south": {"uv": [9.23077, 6.76923, 9.84615, 7.38462], "rotation": 270, "texture": "#1"},
				"west": {"uv": [9.23077, 6.76923, 9.84615, 7.38462], "rotation": 270, "texture": "#1"},
				"up": {"uv": [9.23077, 6.76923, 9.84615, 7.38462], "texture": "#1"},
				"down": {"uv": [9.23077, 6.76923, 9.84615, 7.38462], "rotation": 180, "texture": "#1"}
			}
		},
		{
			"name": "infinate_zombie_sign_27",
			"from": [12.30849, 5.04039, 15.76923],
			"to": [13.36138, 5.65578, 16.38462],
			"rotation": {"angle": 22.5, "axis": "z", "origin": [12.83494, 0.11732, 13]},
			"faces": {
				"north": {"uv": [13.53846, 6.76923, 12.92308, 7.38462], "rotation": 90, "texture": "#1"},
				"east": {"uv": [12.92308, 7.38462, 13.53846, 6.76923], "rotation": 270, "texture": "#1"},
				"south": {"uv": [12.92308, 6.76923, 13.53846, 7.38462], "rotation": 270, "texture": "#1"},
				"west": {"uv": [12.92308, 6.76923, 13.53846, 7.38462], "rotation": 270, "texture": "#1"},
				"up": {"uv": [12.92308, 6.76923, 13.53846, 7.38462], "texture": "#1"},
				"down": {"uv": [12.92308, 6.76923, 13.53846, 7.38462], "rotation": 180, "texture": "#1"}
			}
		}
	],
	"gui_light": "front",
	"display": {
		"thirdperson_righthand": {
			"rotation": [64.7, 33.03, 9.47],
			"translation": [1.5, 6.5, 5],
			"scale": [0.7, 0.7, 0.7]
		},
		"thirdperson_lefthand": {
			"rotation": [102.75, 0, 0],
			"translation": [-5.75, 0, 7.25],
			"scale": [0.7, 0.7, 0.7]
		},
		"firstperson_righthand": {
			"rotation": [88.44, -1, -101],
			"translation": [-0.5, 6.25, 4.5],
			"scale": [0.4, 0.4, 0.4]
		},
		"firstperson_lefthand": {
			"rotation": [52, 0, 0],
			"translation": [2.25, 2.5, -0.25]
		},
		"ground": {
			"rotation": [101, 0, 0],
			"translation": [0.25, 0, 5.25],
			"scale": [0.5, 0.5, 0.5]
		},
		"gui": {
			"rotation": [87, 0, 0],
			"translation": [0, 0.5, 0]
		},
		"head": {
			"translation": [-1.5, 15, 0]
		},
		"fixed": {
			"rotation": [90, 0, 0],
			"translation": [0, 0, 3]
		}
	},
	"groups": [
		{
			"name": "zombie",
			"origin": [8, 8, 8],
			"color": 0,
			"nbt": "{}",
			"armAnimationEnabled": false,
			"children": [0, 1, 2, 3, 4, 5, 6, 7, 8, 9, 10, 11, 12, 13]
		},
		{
			"name": "infinate_zombie_sign",
			"origin": [8, 8, 8],
			"color": 0,
			"nbt": "{}",
			"armAnimationEnabled": false,
			"children": [
				14,
				15,
				16,
				17,
				18,
				19,
				20,
				21,
				22,
				23,
				24,
				25,
				26,
				27,
				28,
				29,
				30,
				31,
				32,
				33,
				34,
				35,
				36,
				37,
				38,
				39,
				40,
				{
					"name": "infinate_zombie_sign",
					"origin": [8, 8, 8],
					"color": 0,
					"nbt": "{}",
					"armAnimationEnabled": false,
					"children": [41, 42, 43, 44, 45, 46, 47, 48, 49, 50, 51, 52, 53, 54, 55, 56, 57, 58, 59, 60, 61, 62, 63, 64, 65, 66, 67]
				}
			]
		},
		{
			"name": "infinate_zombie_sign",
			"origin": [8, 8, 8],
			"color": 0,
			"nbt": "{}",
			"armAnimationEnabled": false,
			"children": [
				68,
				69,
				70,
				71,
				72,
				73,
				74,
				75,
				76,
				77,
				78,
				79,
				80,
				81,
				82,
				83,
				84,
				85,
				86,
				87,
				88,
				89,
				90,
				91,
				92,
				93,
				94,
				{
					"name": "infinate_zombie_sign",
					"origin": [8, 8, 8],
					"color": 0,
					"nbt": "{}",
					"armAnimationEnabled": false,
					"children": [95, 96, 97, 98, 99, 100, 101, 102, 103, 104, 105, 106, 107, 108, 109, 110, 111, 112, 113, 114, 115, 116, 117, 118, 119, 120, 121]
				}
			]
		}
	]
}