{
    "display": {
        "icon": {
            "item": "minecraft:iron_ingot"
        },
        "title": {"translate":"advancement.title.all_ores"},
        "description": {"translate":"advancement.description.all_ores"}
    },
    "criteria": {
        "all_ores":{
            "trigger": "tick",
            "conditions": {
                "player": {
                    "nbt": "{Inventory:[{id:'minecraft:iron_ingot'},{id:'minecraft:gold_ingot'},{id:'minecraft:copper_ingot'},{id:'minecraft:diamond'},{id:'minecraft:lapis_lazuli'}]}"
                }
            }
        }
    },
    "parent": "lobby:root"
}