{
    "display": {
        "icon": {
            "item": "minecraft:netherite_ingot"
        },
        "title": {"translate":"advancement.title.netherite"},
        "description": {"translate":"advancement.description.netherite"}
    },
    "criteria": {
        "netherite":{
            "trigger": "inventory_changed",
            "conditions": {
                "items": [
                    {
                        "items": [
                            "netherite_ingot"
                        ],
                        "count": {
                            "min":1
                        }
                    }
                ]
            }
        }
    },
    "parent": "lobby:root"
}