{
    "display": {
        "icon": {
            "item": "minecraft:netherite_sword"
        },
        "title": {"translate":"advancement.title.full_netherite"},
        "description": {"translate":"advancement.description.full_netherite"},
        "frame": "challenge"
    },
    "criteria": {
        "netherite":{
            "trigger": "inventory_changed",
            "conditions": {
                "items": [
                    {
                        "items": [
                            "netherite_sword"
                        ],
                        "count": {
                            "min":1
                        }
                    },
                    {
                        "items": [
                            "netherite_boots"
                        ],
                        "count": {
                            "min":1
                        }
                    },
                    {
                        "items": [
                            "netherite_leggings"
                        ],
                        "count": {
                            "min":1
                        }
                    },
                    {
                        "items": [
                            "netherite_axe"
                        ],
                        "count": {
                            "min":1
                        }
                    }
                ]
            }
        }
    },
    "parent": "lobby:netherite"
}