{
    "display": {
        "icon": {
            "item": "minecraft:tipped_arrow",
            "nbt": "{CustomPotionColor:15507968,Enchantments:[{}]}"
        },
        "title": {"translate":"advancement.title.root","color": "yellow"},
        "description": {"translate":"advancement.description.root"},
        "background": "arrow:textures/background.png"
    },
    "criteria": {
        "new_player":{
            "trigger": "tick"
        }
    },
    "rewards": {
        "function": "game:plugin/new_joined"
    }
}