{
	"credit": "Made with Blockbench",
	"textures": {
		"1": "arrow:item/mine",
		"2": "block/tnt_bottom",
		"3": "block/tnt_top",
		"particle": "arrow:item/mine"
	},
	"elements": [
		{
			"name": "mine - Copy_1",
			"from": [0, 0, 4.5],
			"to": [15.5, 7.8125, 11],
			"rotation": {"angle": 0, "axis": "y", "origin": [8, 3.25, 2.25]},
			"faces": {
				"north": {"uv": [0, 5, 16, 7], "texture": "#3"},
				"east": {"uv": [11, 8, 4.5, 16], "texture": "#1"},
				"south": {"uv": [0, 7, 16, 13], "texture": "#3"},
				"west": {"uv": [4.5, 8, 11, 16], "texture": "#1"},
				"up": {"uv": [4, 0, 12, 16], "rotation": 90, "texture": "#3"},
				"down": {"uv": [4.5, 15.5, 11, 16], "rotation": 270, "texture": "#1"}
			}
		},
		{
			"name": "mine - Copy_2",
			"from": [0, 0, 2.5],
			"to": [0.5, 7.5, 4.5],
			"rotation": {"angle": 0, "axis": "y", "origin": [8, 3.25, 2.25]},
			"faces": {
				"north": {"uv": [2.5, 8.5, 3, 16], "texture": "#1"},
				"east": {"uv": [4.5, 8.5, 2.5, 16], "texture": "#1"},
				"south": {"uv": [4, 8.5, 4.5, 16], "texture": "#1"},
				"west": {"uv": [2.5, 8.5, 4.5, 16], "texture": "#1"},
				"up": {"uv": [2.5, 8.5, 4.5, 9], "rotation": 90, "texture": "#1"},
				"down": {"uv": [2.5, 15.5, 4.5, 16], "rotation": 270, "texture": "#1"}
			}
		},
		{
			"name": "mine - Copy_3",
			"from": [0, 0, 11],
			"to": [0.5, 7.5, 13],
			"rotation": {"angle": 0, "axis": "y", "origin": [8, 3.25, 2.25]},
			"faces": {
				"north": {"uv": [11, 8.5, 11.5, 16], "texture": "#1"},
				"east": {"uv": [13, 8.5, 11, 16], "texture": "#1"},
				"south": {"uv": [12.5, 8.5, 13, 16], "texture": "#1"},
				"west": {"uv": [11, 8.5, 13, 16], "texture": "#1"},
				"up": {"uv": [11, 8.5, 13, 9], "rotation": 90, "texture": "#1"},
				"down": {"uv": [11, 15.5, 13, 16], "rotation": 270, "texture": "#1"}
			}
		},
		{
			"name": "mine - Copy_4",
			"from": [0, 0, 2],
			"to": [0.5, 7, 2.5],
			"rotation": {"angle": 0, "axis": "y", "origin": [8, 3.25, 2.25]},
			"faces": {
				"north": {"uv": [2, 9, 2.5, 16], "texture": "#1"},
				"east": {"uv": [2.5, 9, 2, 16], "texture": "#1"},
				"south": {"uv": [2, 9, 2.5, 16], "texture": "#1"},
				"west": {"uv": [2, 9, 2.5, 16], "texture": "#1"},
				"up": {"uv": [2, 9, 2.5, 9.5], "rotation": 90, "texture": "#1"},
				"down": {"uv": [2, 15.5, 2.5, 16], "rotation": 270, "texture": "#1"}
			}
		},
		{
			"name": "mine - Copy_5",
			"from": [0, 0, 13],
			"to": [0.5, 7, 14.5],
			"rotation": {"angle": 0, "axis": "y", "origin": [8, 3.25, 2.25]},
			"faces": {
				"north": {"uv": [13, 9, 13.5, 16], "texture": "#1"},
				"east": {"uv": [14.5, 9, 13, 16], "texture": "#1"},
				"south": {"uv": [14, 9, 14.5, 16], "texture": "#1"},
				"west": {"uv": [13, 9, 14.5, 16], "texture": "#1"},
				"up": {"uv": [13, 9, 14.5, 9.5], "rotation": 90, "texture": "#1"},
				"down": {"uv": [13, 15.5, 14.5, 16], "rotation": 270, "texture": "#1"}
			}
		},
		{
			"name": "mine - Copy_6",
			"from": [0, 0, 1],
			"to": [0.5, 6.5, 2],
			"rotation": {"angle": 0, "axis": "y", "origin": [8, 3.25, 2.25]},
			"faces": {
				"north": {"uv": [1, 9.5, 1.5, 16], "texture": "#1"},
				"east": {"uv": [2, 9.5, 1, 16], "texture": "#1"},
				"south": {"uv": [1.5, 9.5, 2, 16], "texture": "#1"},
				"west": {"uv": [1, 9.5, 2, 16], "texture": "#1"},
				"up": {"uv": [1, 9.5, 2, 10], "rotation": 90, "texture": "#1"},
				"down": {"uv": [1, 15.5, 2, 16], "rotation": 270, "texture": "#1"}
			}
		},
		{
			"name": "mine - Copy_7",
			"from": [0, 0, 14.5],
			"to": [0.5, 6.5, 15.5],
			"rotation": {"angle": 0, "axis": "y", "origin": [8, 3.25, 2.25]},
			"faces": {
				"north": {"uv": [14.5, 9.5, 15, 16], "texture": "#1"},
				"east": {"uv": [15.5, 9.5, 14.5, 16], "texture": "#1"},
				"south": {"uv": [15, 9.5, 15.5, 16], "texture": "#1"},
				"west": {"uv": [14.5, 9.5, 15.5, 16], "texture": "#1"},
				"up": {"uv": [14.5, 9.5, 15.5, 10], "rotation": 90, "texture": "#1"},
				"down": {"uv": [14.5, 15.5, 15.5, 16], "rotation": 270, "texture": "#1"}
			}
		},
		{
			"name": "mine - Copy_8",
			"from": [0, 0, 15.5],
			"to": [0.5, 6, 16],
			"rotation": {"angle": 0, "axis": "y", "origin": [8, 3.25, 2.25]},
			"faces": {
				"north": {"uv": [15.5, 10, 16, 16], "texture": "#1"},
				"east": {"uv": [16, 10, 15.5, 16], "texture": "#1"},
				"south": {"uv": [15.5, 10, 16, 16], "texture": "#1"},
				"west": {"uv": [15.5, 10, 16, 16], "texture": "#1"},
				"up": {"uv": [15.5, 10, 16, 10.5], "rotation": 90, "texture": "#1"},
				"down": {"uv": [15.5, 15.5, 16, 16], "rotation": 270, "texture": "#1"}
			}
		},
		{
			"name": "mine - Copy_9",
			"from": [0, 0, 0.5],
			"to": [0.5, 5.5, 1],
			"rotation": {"angle": 0, "axis": "y", "origin": [8, 3.25, 2.25]},
			"faces": {
				"north": {"uv": [0.5, 10.5, 1, 16], "texture": "#1"},
				"east": {"uv": [1, 10.5, 0.5, 16], "texture": "#1"},
				"south": {"uv": [0.5, 10.5, 1, 16], "texture": "#1"},
				"west": {"uv": [0.5, 10.5, 1, 16], "texture": "#1"},
				"up": {"uv": [0.5, 10.5, 1, 11], "rotation": 90, "texture": "#1"},
				"down": {"uv": [0.5, 15.5, 1, 16], "rotation": 270, "texture": "#1"}
			}
		},
		{
			"name": "mine - Copy_10",
			"from": [0, 0, 0],
			"to": [0.5, 5, 0.5],
			"rotation": {"angle": 0, "axis": "y", "origin": [8, 3.25, 2.25]},
			"faces": {
				"north": {"uv": [0, 11, 0.5, 16], "texture": "#1"},
				"east": {"uv": [0.5, 11, 0, 16], "texture": "#1"},
				"south": {"uv": [0, 11, 0.5, 16], "texture": "#1"},
				"west": {"uv": [0, 11, 0.5, 16], "texture": "#1"},
				"up": {"uv": [0, 11, 0.5, 11.5], "rotation": 90, "texture": "#1"},
				"down": {"uv": [0, 15.5, 0.5, 16], "rotation": 270, "texture": "#1"}
			}
		},
		{
			"name": "mine - Copy_0",
			"from": [4.5, 0, 0],
			"to": [11, 8, 15.5],
			"faces": {
				"north": {"uv": [11, 8, 4.5, 16], "texture": "#1"},
				"east": {"uv": [10.5, 8, 11, 16], "texture": "#1"},
				"south": {"uv": [4.5, 8, 11, 16], "texture": "#1"},
				"west": {"uv": [4.5, 8, 5, 16], "texture": "#1"},
				"up": {"uv": [4, 0, 12, 16], "texture": "#3"},
				"down": {"uv": [4.5, 15.5, 11, 16], "texture": "#1"}
			}
		},
		{
			"name": "mine - Copy_1",
			"from": [2.5, 0, 0],
			"to": [4.5, 7.375, 15.9375],
			"faces": {
				"north": {"uv": [4.5, 8.5, 2.5, 16], "texture": "#1"},
				"east": {"uv": [4, 8.5, 4.5, 16], "texture": "#1"},
				"south": {"uv": [2.5, 8.5, 4.5, 16], "texture": "#1"},
				"west": {"uv": [2.5, 8.5, 3, 16], "texture": "#1"},
				"up": {"uv": [2.5, 0, 4.5, 16], "texture": "#3"},
				"down": {"uv": [2.5, 15.5, 4.5, 16], "texture": "#1"}
			}
		},
		{
			"name": "mine - Copy_2",
			"from": [11, 0, 0],
			"to": [13, 7.5, 15.75],
			"faces": {
				"north": {"uv": [13, 8.5, 11, 16], "texture": "#1"},
				"east": {"uv": [12.5, 8.5, 13, 16], "texture": "#3"},
				"south": {"uv": [11, 8.5, 13, 16], "texture": "#1"},
				"west": {"uv": [11, 8.5, 11.5, 16], "texture": "#1"},
				"up": {"uv": [11, 1, 13, 16], "texture": "#3"},
				"down": {"uv": [11, 15.5, 13, 16], "texture": "#1"}
			}
		},
		{
			"name": "mine - Copy_3",
			"from": [2, 0, 0],
			"to": [2.5, 7, 15.8125],
			"faces": {
				"north": {"uv": [2.5, 9, 2, 16], "texture": "#1"},
				"east": {"uv": [2, 9, 2.5, 16], "texture": "#1"},
				"south": {"uv": [2, 9, 2.5, 16], "texture": "#1"},
				"west": {"uv": [2, 9, 2.5, 16], "texture": "#1"},
				"up": {"uv": [2, 0, 2.5, 16], "texture": "#3"},
				"down": {"uv": [2, 15.5, 2.5, 16], "texture": "#1"}
			}
		},
		{
			"name": "mine - Copy_4",
			"from": [13, 0, 0],
			"to": [14.5, 7, 15.75],
			"faces": {
				"north": {"uv": [14.5, 9, 13, 16], "texture": "#1"},
				"east": {"uv": [14, 9, 14.5, 16], "texture": "#1"},
				"south": {"uv": [13, 9, 14.5, 16], "texture": "#1"},
				"west": {"uv": [13, 9, 13.5, 16], "texture": "#1"},
				"up": {"uv": [13, 0, 14.5, 16], "texture": "#3"},
				"down": {"uv": [13, 15.5, 14.5, 16], "texture": "#1"}
			}
		},
		{
			"name": "mine - Copy_5",
			"from": [1, 0, 0],
			"to": [2, 6.5, 15.625],
			"faces": {
				"north": {"uv": [2, 9.5, 1, 16], "texture": "#1"},
				"east": {"uv": [1.5, 9.5, 2, 16], "texture": "#1"},
				"south": {"uv": [1, 9.5, 2, 16], "texture": "#1"},
				"west": {"uv": [1, 9.5, 1.5, 16], "texture": "#1"},
				"up": {"uv": [1, 0, 2, 16], "texture": "#3"},
				"down": {"uv": [1, 15.5, 2, 16], "texture": "#1"}
			}
		},
		{
			"name": "mine - Copy_6",
			"from": [14.5, 0, 0],
			"to": [15.5625, 6.5, 15.75],
			"faces": {
				"north": {"uv": [15.5, 9.5, 14.5, 16], "texture": "#1"},
				"east": {"uv": [15, 9.5, 15.5, 16], "texture": "#1"},
				"south": {"uv": [14.5, 9.5, 15.5, 16], "texture": "#1"},
				"west": {"uv": [14.5, 9.5, 15, 16], "texture": "#1"},
				"up": {"uv": [16, 1, 14.5, 16], "texture": "#3"},
				"down": {"uv": [14.5, 15.5, 15.5, 16], "texture": "#1"}
			}
		},
		{
			"name": "mine - Copy_7",
			"from": [15.5, 0, 0],
			"to": [16, 6, 0.5],
			"faces": {
				"north": {"uv": [16, 10, 15.5, 16], "texture": "#1"},
				"east": {"uv": [15.5, 10, 16, 16], "texture": "#1"},
				"south": {"uv": [15.5, 10, 16, 16], "texture": "#1"},
				"west": {"uv": [15.5, 10, 16, 16], "texture": "#1"},
				"up": {"uv": [15.5, 10, 16, 10.5], "texture": "#1"},
				"down": {"uv": [15.5, 15.5, 16, 16], "texture": "#1"}
			}
		},
		{
			"name": "mine - Copy_8",
			"from": [0.5, 0, 0],
			"to": [1, 5.5, 15.625],
			"faces": {
				"north": {"uv": [1, 10.5, 0.5, 16], "texture": "#1"},
				"east": {"uv": [0.5, 10.5, 1, 16], "texture": "#1"},
				"south": {"uv": [0.5, 10.5, 1, 16], "texture": "#1"},
				"west": {"uv": [0.5, 10.5, 1, 16], "texture": "#1"},
				"up": {"uv": [0.5, 10.5, 1, 11], "texture": "#1"},
				"down": {"uv": [0.5, 15.5, 1, 16], "texture": "#1"}
			}
		},
		{
			"name": "mine - Copy_9",
			"from": [0, 0, 0],
			"to": [0.5, 5, 0.5],
			"faces": {
				"north": {"uv": [0.5, 11, 0, 16], "texture": "#1"},
				"east": {"uv": [0, 11, 0.5, 16], "texture": "#1"},
				"south": {"uv": [0, 11, 0.5, 16], "texture": "#1"},
				"west": {"uv": [0, 11, 0.5, 16], "texture": "#1"},
				"up": {"uv": [0, 11, 0.5, 11.5], "texture": "#1"},
				"down": {"uv": [0, 15.5, 0.5, 16], "texture": "#1"}
			}
		},
		{
			"name": "mine - Copy_2",
			"from": [15.5, 0, 5],
			"to": [16, 8, 11.5],
			"rotation": {"angle": 0, "axis": "y", "origin": [8, 3.25, 11]},
			"faces": {
				"north": {"uv": [10.5, 8, 11, 16], "texture": "#1"},
				"east": {"uv": [4.5, 8, 11, 16], "texture": "#1"},
				"south": {"uv": [4.5, 8, 5, 16], "texture": "#1"},
				"west": {"uv": [11, 8, 4.5, 16], "texture": "#1"},
				"up": {"uv": [4.5, 8, 11, 8.5], "rotation": 270, "texture": "#1"},
				"down": {"uv": [4.5, 15.5, 11, 16], "rotation": 90, "texture": "#1"}
			}
		},
		{
			"name": "mine - Copy_3",
			"from": [15.5, 0, 11.5],
			"to": [16, 7.5, 13.5],
			"rotation": {"angle": 0, "axis": "y", "origin": [8, 3.25, 11]},
			"faces": {
				"north": {"uv": [4, 8.5, 4.5, 16], "texture": "#1"},
				"east": {"uv": [2.5, 8.5, 4.5, 16], "texture": "#1"},
				"south": {"uv": [2.5, 8.5, 3, 16], "texture": "#1"},
				"west": {"uv": [4.5, 8.5, 2.5, 16], "texture": "#1"},
				"up": {"uv": [2.5, 8.5, 4.5, 9], "rotation": 270, "texture": "#1"},
				"down": {"uv": [2.5, 15.5, 4.5, 16], "rotation": 90, "texture": "#1"}
			}
		},
		{
			"name": "mine - Copy_4",
			"from": [15.5, 0, 3],
			"to": [16, 7.5, 5],
			"rotation": {"angle": 0, "axis": "y", "origin": [8, 3.25, 11]},
			"faces": {
				"north": {"uv": [12.5, 8.5, 13, 16], "texture": "#1"},
				"east": {"uv": [11, 8.5, 13, 16], "texture": "#1"},
				"south": {"uv": [11, 8.5, 11.5, 16], "texture": "#1"},
				"west": {"uv": [13, 8.5, 11, 16], "texture": "#1"},
				"up": {"uv": [11, 8.5, 13, 9], "rotation": 270, "texture": "#1"},
				"down": {"uv": [11, 15.5, 13, 16], "rotation": 90, "texture": "#1"}
			}
		},
		{
			"name": "mine - Copy_5",
			"from": [15.5, 0, 13.5],
			"to": [16, 7, 14],
			"rotation": {"angle": 0, "axis": "y", "origin": [8, 3.25, 11]},
			"faces": {
				"north": {"uv": [2, 9, 2.5, 16], "texture": "#1"},
				"east": {"uv": [2, 9, 2.5, 16], "texture": "#1"},
				"south": {"uv": [2, 9, 2.5, 16], "texture": "#1"},
				"west": {"uv": [2.5, 9, 2, 16], "texture": "#1"},
				"up": {"uv": [2, 9, 2.5, 9.5], "rotation": 270, "texture": "#1"},
				"down": {"uv": [2, 15.5, 2.5, 16], "rotation": 90, "texture": "#1"}
			}
		},
		{
			"name": "mine - Copy_6",
			"from": [15.5, 0, 1.5],
			"to": [16, 7, 3],
			"rotation": {"angle": 0, "axis": "y", "origin": [8, 3.25, 11]},
			"faces": {
				"north": {"uv": [14, 9, 14.5, 16], "texture": "#1"},
				"east": {"uv": [13, 9, 14.5, 16], "texture": "#1"},
				"south": {"uv": [13, 9, 13.5, 16], "texture": "#1"},
				"west": {"uv": [14.5, 9, 13, 16], "texture": "#1"},
				"up": {"uv": [13, 9, 14.5, 9.5], "rotation": 270, "texture": "#1"},
				"down": {"uv": [13, 15.5, 14.5, 16], "rotation": 90, "texture": "#1"}
			}
		},
		{
			"name": "mine - Copy_7",
			"from": [15.5, 0, 14],
			"to": [16, 6.5, 15],
			"rotation": {"angle": 0, "axis": "y", "origin": [8, 3.25, 11]},
			"faces": {
				"north": {"uv": [1.5, 9.5, 2, 16], "texture": "#1"},
				"east": {"uv": [1, 9.5, 2, 16], "texture": "#1"},
				"south": {"uv": [1, 9.5, 1.5, 16], "texture": "#1"},
				"west": {"uv": [2, 9.5, 1, 16], "texture": "#1"},
				"up": {"uv": [1, 9.5, 2, 10], "rotation": 270, "texture": "#1"},
				"down": {"uv": [1, 15.5, 2, 16], "rotation": 90, "texture": "#1"}
			}
		},
		{
			"name": "mine - Copy_8",
			"from": [15.5, 0, 0.5],
			"to": [16, 6.5, 1.5],
			"rotation": {"angle": 0, "axis": "y", "origin": [8, 3.25, 11]},
			"faces": {
				"north": {"uv": [15, 9.5, 15.5, 16], "texture": "#1"},
				"east": {"uv": [14.5, 9.5, 15.5, 16], "texture": "#1"},
				"south": {"uv": [14.5, 9.5, 15, 16], "texture": "#1"},
				"west": {"uv": [15.5, 9.5, 14.5, 16], "texture": "#1"},
				"up": {"uv": [14.5, 9.5, 15.5, 10], "rotation": 270, "texture": "#1"},
				"down": {"uv": [14.5, 15.5, 15.5, 16], "rotation": 90, "texture": "#1"}
			}
		},
		{
			"name": "mine - Copy_9",
			"from": [15.5, 0, 0],
			"to": [16, 6, 0.5],
			"rotation": {"angle": 0, "axis": "y", "origin": [8, 3.25, 11]},
			"faces": {
				"north": {"uv": [15.5, 10, 16, 16], "texture": "#1"},
				"east": {"uv": [15.5, 10, 16, 16], "texture": "#1"},
				"south": {"uv": [15.5, 10, 16, 16], "texture": "#1"},
				"west": {"uv": [16, 10, 15.5, 16], "texture": "#1"},
				"up": {"uv": [15.5, 10, 16, 10.5], "rotation": 270, "texture": "#1"},
				"down": {"uv": [15.5, 15.5, 16, 16], "rotation": 90, "texture": "#1"}
			}
		},
		{
			"name": "mine - Copy_10",
			"from": [15.5, 0, 15],
			"to": [16, 5.5, 15.5],
			"rotation": {"angle": 0, "axis": "y", "origin": [8, 3.25, 11]},
			"faces": {
				"north": {"uv": [0.5, 10.5, 1, 16], "texture": "#1"},
				"east": {"uv": [0.5, 10.5, 1, 16], "texture": "#1"},
				"south": {"uv": [0.5, 10.5, 1, 16], "texture": "#1"},
				"west": {"uv": [1, 10.5, 0.5, 16], "texture": "#1"},
				"up": {"uv": [0.5, 10.5, 1, 11], "rotation": 270, "texture": "#1"},
				"down": {"uv": [0.5, 15.5, 1, 16], "rotation": 90, "texture": "#1"}
			}
		},
		{
			"name": "mine - Copy_11",
			"from": [15.5, 0, 15.5],
			"to": [16, 5, 16],
			"rotation": {"angle": 0, "axis": "y", "origin": [8, 3.25, 11]},
			"faces": {
				"north": {"uv": [0, 11, 0.5, 16], "texture": "#1"},
				"east": {"uv": [0, 11, 0.5, 16], "texture": "#1"},
				"south": {"uv": [0, 11, 0.5, 16], "texture": "#1"},
				"west": {"uv": [0.5, 11, 0, 16], "texture": "#1"},
				"up": {"uv": [0, 11, 0.5, 11.5], "rotation": 270, "texture": "#1"},
				"down": {"uv": [0, 15.5, 0.5, 16], "rotation": 90, "texture": "#1"}
			}
		},
		{
			"name": "mine - Copy_1",
			"from": [5, -0.25, 15.5],
			"to": [11.5, 8, 16],
			"rotation": {"angle": 0, "axis": "y", "origin": [8, 3.25, 11]},
			"faces": {
				"north": {"uv": [4.5, 8, 11, 16], "texture": "#1"},
				"east": {"uv": [4.5, 8, 5, 16], "texture": "#1"},
				"south": {"uv": [11, 8, 4.5, 16], "texture": "#1"},
				"west": {"uv": [10.5, 8, 11, 16], "texture": "#1"},
				"up": {"uv": [4.5, 8, 11, 8.5], "rotation": 180, "texture": "#1"},
				"down": {"uv": [4.5, 15.5, 11, 16], "rotation": 180, "texture": "#1"}
			}
		},
		{
			"name": "mine - Copy_2",
			"from": [11.5, -0.25, 15.5],
			"to": [13.5, 7.6875, 16],
			"rotation": {"angle": 0, "axis": "y", "origin": [8, 3.25, 11]},
			"faces": {
				"north": {"uv": [2.5, 8.5, 4.5, 16], "texture": "#1"},
				"east": {"uv": [2.5, 8.5, 3, 16], "texture": "#1"},
				"south": {"uv": [4.5, 8.5, 2.5, 16], "texture": "#1"},
				"west": {"uv": [4, 8.5, 4.5, 16], "texture": "#1"},
				"up": {"uv": [2.5, 8.5, 4.5, 9], "rotation": 180, "texture": "#1"},
				"down": {"uv": [2.5, 15.5, 4.5, 16], "rotation": 180, "texture": "#1"}
			}
		},
		{
			"name": "mine - Copy_3",
			"from": [3, -0.0625, 15.5],
			"to": [5, 7.5, 16],
			"rotation": {"angle": 0, "axis": "y", "origin": [8, 3.25, 11]},
			"faces": {
				"north": {"uv": [11, 8.5, 13, 16], "texture": "#1"},
				"east": {"uv": [11, 8.5, 11.5, 16], "texture": "#1"},
				"south": {"uv": [13, 8.5, 11, 16], "texture": "#1"},
				"west": {"uv": [12.5, 8.5, 13, 16], "texture": "#1"},
				"up": {"uv": [11, 8.5, 13, 9], "rotation": 180, "texture": "#1"},
				"down": {"uv": [11, 15.5, 13, 16], "rotation": 180, "texture": "#1"}
			}
		},
		{
			"name": "mine - Copy_4",
			"from": [13.5, -0.25, 15.5],
			"to": [14, 7, 16],
			"rotation": {"angle": 0, "axis": "y", "origin": [8, 3.25, 11]},
			"faces": {
				"north": {"uv": [2, 9, 2.5, 16], "texture": "#1"},
				"east": {"uv": [2, 9, 2.5, 16], "texture": "#1"},
				"south": {"uv": [2.5, 9, 2, 16], "texture": "#1"},
				"west": {"uv": [2, 9, 2.5, 16], "texture": "#1"},
				"up": {"uv": [2, 9, 2.5, 9.5], "rotation": 180, "texture": "#1"},
				"down": {"uv": [2, 15.5, 2.5, 16], "rotation": 180, "texture": "#1"}
			}
		},
		{
			"name": "mine - Copy_5",
			"from": [1.5, -0.25, 15.5],
			"to": [3, 7.1875, 16],
			"rotation": {"angle": 0, "axis": "y", "origin": [8, 3.25, 11]},
			"faces": {
				"north": {"uv": [13, 9, 14.5, 16], "texture": "#1"},
				"east": {"uv": [13, 9, 13.5, 16], "texture": "#1"},
				"south": {"uv": [14.5, 9, 13, 16], "texture": "#1"},
				"west": {"uv": [14, 9, 14.5, 16], "texture": "#1"},
				"up": {"uv": [13, 9, 14.5, 9.5], "rotation": 180, "texture": "#1"},
				"down": {"uv": [13, 15.5, 14.5, 16], "rotation": 180, "texture": "#1"}
			}
		},
		{
			"name": "mine - Copy_6",
			"from": [14, -0.25, 15.5],
			"to": [15, 6.6875, 16],
			"rotation": {"angle": 0, "axis": "y", "origin": [8, 3.25, 11]},
			"faces": {
				"north": {"uv": [1, 9.5, 2, 16], "texture": "#1"},
				"east": {"uv": [1, 9.5, 1.5, 16], "texture": "#1"},
				"south": {"uv": [2, 9.5, 1, 16], "texture": "#1"},
				"west": {"uv": [1.5, 9.5, 2, 16], "texture": "#1"},
				"up": {"uv": [1, 9.5, 2, 10], "rotation": 180, "texture": "#1"},
				"down": {"uv": [1, 15.5, 2, 16], "rotation": 180, "texture": "#1"}
			}
		},
		{
			"name": "mine - Copy_7",
			"from": [0.5, -0.25, 15.5],
			"to": [1.5, 6.5, 16],
			"rotation": {"angle": 0, "axis": "y", "origin": [8, 3.25, 11]},
			"faces": {
				"north": {"uv": [14.5, 9.5, 15.5, 16], "texture": "#1"},
				"east": {"uv": [14.5, 9.5, 15, 16], "texture": "#1"},
				"south": {"uv": [15.5, 9.5, 14.5, 16], "texture": "#1"},
				"west": {"uv": [15, 9.5, 15.5, 16], "texture": "#1"},
				"up": {"uv": [14.5, 9.5, 15.5, 10], "rotation": 180, "texture": "#1"},
				"down": {"uv": [14.5, 15.5, 15.5, 16], "rotation": 180, "texture": "#1"}
			}
		},
		{
			"name": "mine - Copy_8",
			"from": [0, -0.25, 15.5],
			"to": [0.5, 6, 16],
			"rotation": {"angle": 0, "axis": "y", "origin": [8, 3.25, 11]},
			"faces": {
				"north": {"uv": [15.5, 10, 16, 16], "texture": "#1"},
				"east": {"uv": [15.5, 10, 16, 16], "texture": "#1"},
				"south": {"uv": [16, 10, 15.5, 16], "texture": "#1"},
				"west": {"uv": [15.5, 10, 16, 16], "texture": "#1"},
				"up": {"uv": [15.5, 10, 16, 10.5], "rotation": 180, "texture": "#1"},
				"down": {"uv": [15.5, 15.5, 16, 16], "rotation": 180, "texture": "#1"}
			}
		},
		{
			"name": "mine - Copy_9",
			"from": [15, -0.25, 15.5],
			"to": [15.5, 5.5, 16],
			"rotation": {"angle": 0, "axis": "y", "origin": [8, 3.25, 11]},
			"faces": {
				"north": {"uv": [0.5, 10.5, 1, 16], "texture": "#1"},
				"east": {"uv": [0.5, 10.5, 1, 16], "texture": "#1"},
				"south": {"uv": [1, 10.5, 0.5, 16], "texture": "#1"},
				"west": {"uv": [0.5, 10.5, 1, 16], "texture": "#1"},
				"up": {"uv": [0.5, 10.5, 1, 11], "rotation": 180, "texture": "#1"},
				"down": {"uv": [0.5, 15.5, 1, 16], "rotation": 180, "texture": "#1"}
			}
		},
		{
			"name": "mine - Copy_10",
			"from": [15.5, -0.25, 15.5],
			"to": [16, 5, 16],
			"rotation": {"angle": 0, "axis": "y", "origin": [8, 3.25, 11]},
			"faces": {
				"north": {"uv": [0, 11, 0.5, 16], "texture": "#1"},
				"east": {"uv": [0, 11, 0.5, 16], "texture": "#1"},
				"south": {"uv": [0.5, 11, 0, 16], "texture": "#1"},
				"west": {"uv": [0, 11, 0.5, 16], "texture": "#1"},
				"up": {"uv": [0, 11, 0.5, 11.5], "rotation": 180, "texture": "#1"},
				"down": {"uv": [0, 15.5, 0.5, 16], "rotation": 180, "texture": "#1"}
			}
		},
		{
			"from": [0.3125, -0.125, 0.3125],
			"to": [15.625, 1.875, 15.5625],
			"faces": {
				"north": {"uv": [0, 0, 15.3125, 2], "texture": "#2"},
				"east": {"uv": [0, 0, 15.25, 2], "texture": "#2"},
				"south": {"uv": [0, 0, 15.3125, 2], "texture": "#2"},
				"west": {"uv": [0, 0, 15.25, 2], "texture": "#2"},
				"up": {"uv": [0, 0, 15.3125, 15.25], "texture": "#2"},
				"down": {"uv": [0, 0, 15.3125, 15.25], "texture": "#2"}
			}
		},
		{
			"from": [7, 7.75, 7],
			"to": [9, 13.75, 9],
			"faces": {
				"north": {"uv": [7, 5.5, 9, 8], "texture": "#1"},
				"east": {"uv": [7, 5.5, 9, 8], "texture": "#1"},
				"south": {"uv": [7, 5.5, 9, 8], "texture": "#1"},
				"west": {"uv": [7, 5.5, 9, 8], "texture": "#1"},
				"up": {"uv": [7.5, 1, 9.5, 3], "texture": "#1"},
				"down": {"uv": [0, 0, 2, 2], "texture": "#1"}
			}
		},
		{
			"from": [6, 14, 6],
			"to": [10, 18, 10],
			"faces": {
				"north": {"uv": [7, 0.5, 10.5, 3.5], "texture": "#1"},
				"east": {"uv": [7, 0.5, 10.5, 3.5], "texture": "#1"},
				"south": {"uv": [7, 0.5, 10.5, 3.5], "texture": "#1"},
				"west": {"uv": [7, 0.5, 10.5, 3.5], "texture": "#1"},
				"up": {"uv": [7, 0.5, 10, 3], "texture": "#1"},
				"down": {"uv": [7, 0.5, 10.5, 3.5], "texture": "#1"}
			}
		}
	],
	"gui_light": "front",
	"display": {
		"thirdperson_righthand": {
			"rotation": [53.25, 0, 0],
			"translation": [0, 2.25, 0.75],
			"scale": [0.6, 0.6, 0.6]
		},
		"thirdperson_lefthand": {
			"rotation": [58.48, 0.29, 0.71],
			"translation": [-1.5, 2, 1.75],
			"scale": [0.6, 0.6, 0.6]
		},
		"firstperson_righthand": {
			"rotation": [0, 30.5, 0],
			"translation": [0, 3.25, 0],
			"scale": [0.6, 0.6, 0.6]
		},
		"firstperson_lefthand": {
			"translation": [0, 0.25, 0],
			"scale": [0.7, 0.7, 0.7]
		},
		"ground": {
			"translation": [0, 3, 0],
			"scale": [0.6, 0.6, 0.6]
		},
		"gui": {
			"rotation": [43.22, -36.41, 7.1],
			"translation": [-0.25, 1.25, 0],
			"scale": [0.7, 0.7, 0.7]
		},
		"head": {
			"translation": [0, 13.25, 0]
		},
		"fixed": {
			"translation": [0, 0, -1.75]
		}
	},
	"groups": [
		{
			"name": "group",
			"origin": [8, 8, 8],
			"color": 0,
			"nbt": "{}",
			"children": [
				{
					"name": "side_1",
					"origin": [8, 8, 8],
					"color": 0,
					"nbt": "{}",
					"children": [0, 1, 2, 3, 4, 5, 6, 7, 8, 9]
				},
				{
					"name": "side_1",
					"origin": [8, 8, 8],
					"color": 0,
					"nbt": "{}",
					"children": [10, 11, 12, 13, 14, 15, 16, 17, 18, 19]
				}
			]
		},
		{
			"name": "2",
			"origin": [8, 8, 8],
			"color": 0,
			"nbt": "{}",
			"children": [
				{
					"name": "side_1",
					"origin": [8, 8, 8],
					"color": 0,
					"nbt": "{}",
					"children": [20, 21, 22, 23, 24, 25, 26, 27, 28, 29]
				},
				{
					"name": "side_1",
					"origin": [8, 8, 8],
					"color": 0,
					"nbt": "{}",
					"children": [30, 31, 32, 33, 34, 35, 36, 37, 38, 39]
				},
				40,
				41,
				42
			]
		}
	]
}