{
    "type": "command",
    "pools": [
        {
            "rolls": 1,
            "entries": [
                {
                    "type": "minecraft:item",
                    "name": "player_head",
                    "functions": [
                        {
                            "function": "fill_player_head",
                            "entity": "this"
                        },
                        {
                            "function": "set_nbt",
                            "tag": "{head_self:1b}"
                        }
                    ]
                }
            ]
        }
    ]
}