{
    "type": "command",
    "pools": [
        {
            "rolls": 1,
            "entries": [
                {
                    "type": "alternatives",
                    "children": [
                        {
                            "type": "item",
                            "name": "iron_chestplate",
                            "functions": [
                                {
                                    "function": "set_nbt",
                                    "tag": "{ui:{id:'player',sound:\"click\"},Unbreakable:1b,HideFlags:127,AttributeModifiers:[{}],CustomModelData:1}"
                                },
                                {
                                    "function": "set_name",
                                    "entity": "this",
                                    "name": {
                                        "translate":"装备购买",
                                        "color": "green",
                                        "italic": false
                                    }
                                },
                                {
                                    "function": "set_lore",
                                    "entity": "this",
                                    "lore": [
                                        "",
                                        {
                                            "translate":"购买玩家所需的装备",
                                            "color":"gray",
                                            "italic": false
                                        },
                                        {
                                            "translate":"武器，食物，道具等",
                                            "color":"gray",
                                            "italic": false
                                        },
                                        {
                                            "translate":"点击浏览",
                                            "color": "yellow",
                                            "italic": false
                                        }
                                    ]
                                }
                            ]
                        }
                    ]
                }
            ]
        }
    ]
}