{
  "parent": "minecraft:item/generated",
  "textures": {
    "layer0": "minecraft:item/arrow"
  },
  "overrides": [
    {
      "predicate": {"custom_model_data": 1},
      "model": "arrow:buttons/up"
    },
    {
      "predicate": {"custom_model_data": 2},
      "model": "arrow:buttons/down"
    },
    {
      "predicate": {"custom_model_data": 3},
      "model": "arrow:buttons/right"
    },
    {
      "predicate": {"custom_model_data": 4},
      "model": "arrow:buttons/checkmark"
    },
    {
      "predicate": {"custom_model_data": 5},
      "model": "arrow:buttons/up_gray"
    },
    {
      "predicate": {"custom_model_data": 6},
      "model": "arrow:buttons/down_gray"
    },
    {
      "predicate": {"custom_model_data": 7},
      "model": "arrow:buttons/arrow"
    },
    {
      "predicate": {"custom_model_data": 8},
      "model": "arrow:buttons/input_slot"
    },
    {
      "predicate": {"custom_model_data": 9},
      "model": "arrow:buttons/right_green_arrow"
    }
  ]
}