{
	"credit": "Made with Blockbench",
	"textures": {
		"0": "arrow:gui/green_arrow",
		"particle": "arrow:gui/green_arrow"
	},
	"elements": [
		{
			"name": "green_arrow_0",
			"from": [1.25, 5.25, 7],
			"to": [14.25, 8.25, 7.5],
			"rotation": {"angle": 0, "axis": "z", "origin": [5.25, 6, 7.25]},
			"faces": {
				"north": {"uv": [10, 1, 7, 14], "rotation": 270, "texture": "#0"},
				"east": {"uv": [7, 1, 10, 1.5], "rotation": 90, "texture": "#0"},
				"south": {"uv": [7, 1, 10, 14], "rotation": 90, "texture": "#0"},
				"west": {"uv": [7, 13.5, 10, 14], "rotation": 90, "texture": "#0"},
				"up": {"uv": [7, 1, 7.5, 14], "rotation": 90, "texture": "#0"},
				"down": {"uv": [9.5, 1, 10, 14], "rotation": 90, "texture": "#0"}
			}
		},
		{
			"name": "green_arrow_1",
			"from": [5.25, 8.25, 7],
			"to": [6.25, 12.25, 7.5],
			"rotation": {"angle": 0, "axis": "z", "origin": [5.25, 6, 7.25]},
			"faces": {
				"north": {"uv": [7, 9, 3, 10], "rotation": 270, "texture": "#0"},
				"east": {"uv": [3, 9, 7, 9.5], "rotation": 90, "texture": "#0"},
				"south": {"uv": [3, 9, 7, 10], "rotation": 90, "texture": "#0"},
				"west": {"uv": [3, 9.5, 7, 10], "rotation": 90, "texture": "#0"},
				"up": {"uv": [3, 9, 3.5, 10], "rotation": 90, "texture": "#0"},
				"down": {"uv": [6.5, 9, 7, 10], "rotation": 90, "texture": "#0"}
			}
		},
		{
			"name": "green_arrow_2",
			"from": [4.25, 2.25, 7],
			"to": [6.25, 5.25, 7.5],
			"rotation": {"angle": 0, "axis": "z", "origin": [5.25, 6, 7.25]},
			"faces": {
				"north": {"uv": [13, 9, 10, 11], "rotation": 270, "texture": "#0"},
				"east": {"uv": [10, 9, 13, 9.5], "rotation": 90, "texture": "#0"},
				"south": {"uv": [10, 9, 13, 11], "rotation": 90, "texture": "#0"},
				"west": {"uv": [10, 10.5, 13, 11], "rotation": 90, "texture": "#0"},
				"up": {"uv": [10, 9, 10.5, 11], "rotation": 90, "texture": "#0"},
				"down": {"uv": [12.5, 9, 13, 11], "rotation": 90, "texture": "#0"}
			}
		},
		{
			"name": "green_arrow_3",
			"from": [5.25, 1.25, 7],
			"to": [6.25, 2.25, 7.5],
			"rotation": {"angle": 0, "axis": "z", "origin": [5.25, 6, 7.25]},
			"faces": {
				"north": {"uv": [14, 9, 13, 10], "rotation": 270, "texture": "#0"},
				"east": {"uv": [13, 9, 14, 9.5], "rotation": 90, "texture": "#0"},
				"south": {"uv": [13, 9, 14, 10], "rotation": 90, "texture": "#0"},
				"west": {"uv": [13, 9.5, 14, 10], "rotation": 90, "texture": "#0"},
				"up": {"uv": [13, 9, 13.5, 10], "rotation": 90, "texture": "#0"},
				"down": {"uv": [13.5, 9, 14, 10], "rotation": 90, "texture": "#0"}
			}
		},
		{
			"name": "green_arrow_4",
			"from": [4.25, 8.25, 7],
			"to": [5.25, 11.25, 7.5],
			"rotation": {"angle": 0, "axis": "z", "origin": [5.25, 6, 7.25]},
			"faces": {
				"north": {"uv": [7, 10, 4, 11], "rotation": 270, "texture": "#0"},
				"east": {"uv": [4, 10, 7, 10.5], "rotation": 90, "texture": "#0"},
				"south": {"uv": [4, 10, 7, 11], "rotation": 90, "texture": "#0"},
				"west": {"uv": [4, 10.5, 7, 11], "rotation": 90, "texture": "#0"},
				"up": {"uv": [4, 10, 4.5, 11], "rotation": 90, "texture": "#0"},
				"down": {"uv": [6.5, 10, 7, 11], "rotation": 90, "texture": "#0"}
			}
		},
		{
			"name": "green_arrow_5",
			"from": [3.25, 8.25, 7],
			"to": [4.25, 10.25, 7.5],
			"rotation": {"angle": 0, "axis": "z", "origin": [5.25, 6, 7.25]},
			"faces": {
				"north": {"uv": [7, 11, 5, 12], "rotation": 270, "texture": "#0"},
				"east": {"uv": [5, 11, 7, 11.5], "rotation": 90, "texture": "#0"},
				"south": {"uv": [5, 11, 7, 12], "rotation": 90, "texture": "#0"},
				"west": {"uv": [5, 11.5, 7, 12], "rotation": 90, "texture": "#0"},
				"up": {"uv": [5, 11, 5.5, 12], "rotation": 90, "texture": "#0"},
				"down": {"uv": [6.5, 11, 7, 12], "rotation": 90, "texture": "#0"}
			}
		},
		{
			"name": "green_arrow_6",
			"from": [3.25, 3.25, 7],
			"to": [4.25, 5.25, 7.5],
			"rotation": {"angle": 0, "axis": "z", "origin": [5.25, 6, 7.25]},
			"faces": {
				"north": {"uv": [12, 11, 10, 12], "rotation": 270, "texture": "#0"},
				"east": {"uv": [10, 11, 12, 11.5], "rotation": 90, "texture": "#0"},
				"south": {"uv": [10, 11, 12, 12], "rotation": 90, "texture": "#0"},
				"west": {"uv": [10, 11.5, 12, 12], "rotation": 90, "texture": "#0"},
				"up": {"uv": [10, 11, 10.5, 12], "rotation": 90, "texture": "#0"},
				"down": {"uv": [11.5, 11, 12, 12], "rotation": 90, "texture": "#0"}
			}
		},
		{
			"name": "green_arrow_7",
			"from": [2.25, 8.25, 7],
			"to": [3.25, 9.25, 7.5],
			"rotation": {"angle": 0, "axis": "z", "origin": [5.25, 6, 7.25]},
			"faces": {
				"north": {"uv": [7, 12, 6, 13], "rotation": 270, "texture": "#0"},
				"east": {"uv": [6, 12, 7, 12.5], "rotation": 90, "texture": "#0"},
				"south": {"uv": [6, 12, 7, 13], "rotation": 90, "texture": "#0"},
				"west": {"uv": [6, 12.5, 7, 13], "rotation": 90, "texture": "#0"},
				"up": {"uv": [6, 12, 6.5, 13], "rotation": 90, "texture": "#0"},
				"down": {"uv": [6.5, 12, 7, 13], "rotation": 90, "texture": "#0"}
			}
		},
		{
			"name": "green_arrow_8",
			"from": [2.25, 4.25, 7],
			"to": [3.25, 5.25, 7.5],
			"rotation": {"angle": 0, "axis": "z", "origin": [5.25, 6, 7.25]},
			"faces": {
				"north": {"uv": [11, 12, 10, 13], "rotation": 270, "texture": "#0"},
				"east": {"uv": [10, 12, 11, 12.5], "rotation": 90, "texture": "#0"},
				"south": {"uv": [10, 12, 11, 13], "rotation": 90, "texture": "#0"},
				"west": {"uv": [10, 12.5, 11, 13], "rotation": 90, "texture": "#0"},
				"up": {"uv": [10, 12, 10.5, 13], "rotation": 90, "texture": "#0"},
				"down": {"uv": [10.5, 12, 11, 13], "rotation": 90, "texture": "#0"}
			}
		}
	],
	"gui_light": "front",
	"display": {
		"gui": {
			"rotation": [0, 0, -180],
			"translation": [0, -1.5, 8.5]
		}
	},
	"groups": [
		{
			"name": "green_arrow",
			"origin": [8, 8, 8],
			"color": 0,
			"children": [0, 1, 2, 3, 4, 5, 6, 7, 8]
		}
	]
}