{
    "type": "command",
    "pools": [
        {
            "rolls": 1,
            "entries": [
                {
                    "type": "item",
                    "name": "diamond_shovel",
                    "functions": [
                        {
                            "function": "set_nbt",
                            "tag": "{special:{dirtDEM:1b},Damage:1561,Enchantments:[{}]}"
                        },
                        {
                            "function": "set_name",
                            "entity": "this",
                            "name": {"translate":"item.dirt_cleaner","color": "gold","italic": false}
                        },
                        {
                            "function": "set_lore",
                            "entity": "this",
                            "lore": [
                                "",
                                {"translate":"lore.dirt_cleaner.1","color":"gray","italic":false},
                                {"translate":"lore.dirt_cleaner.2","color":"gray","italic":false}
                            ]
                        }
                    ]
                }
            ]
        }
    ]
}