{
    "type": "command",
    "pools": [
        {
            "rolls": 1,
            "entries": [
                {
                    "type": "item",
                    "name": "warped_fungus_on_a_stick",
                    "functions": [
                        {
                            "function": "set_name",
                            "entity": "this",
                            "name": {"translate":"回城符咒","color": "red","italic": false}
                        },
                        {
                            "function": "set_lore",
                            "entity": "this",
                            "lore": [
                                "",
                                {"translate":"将你瞬间传送回出生点","color":"gray","italic":false},
                                {"translate":"逃命专用神器","color":"gray","italic":false},
                                "",
                                {"keybind":"key.use","color": "green","italic": false}
                            ]
                        },
                        {
                            "function": "set_nbt",
                            "tag": "{CustomModelData:4,warped_stick:{id:'tp_home'},right_click:1b,CanDestroy:[\"#game:breakable\"],HideFlags:8,gameItem:{id:\"tp_home\"}}"
                        }
                    ]
                }
            ]
        }
    ]
}