{
    "type": "command",
    "pools": [
        {
            "rolls": 1,
            "entries": [
                {
                    "type": "item",
                    "name": "warped_fungus_on_a_stick"
                }
            ]
        }
    ],
    "functions": [
        {
            "function": "set_nbt",
            "tag": "{warped_stick:{id:'up_rocket'},right_click:1b,CanDestroy:[\"#game:breakable\"],HideFlags:8,gameItem:{id:\"up_rocket\"},CustomModelData:3}"
        },
        {
            "function": "set_name",
            "entity": "this",
            "name": {"translate":"窜天猴","color": "gold","italic": false}
        },
        {
            "function": "set_lore",
            "entity": "this",
            "replace": false,
            "lore": [
                "",
                [{"translate":"将你向上弹射一段距离","color": "gray","italic": false}],
                [{"translate":"失足时自救神器!","color": "gray","italic": false}],
                {"keybind":"key.use","color": "green","italic": false}
            ]
        }
    ]
}