{
	"credit": "Made with Blockbench",
	"texture_size": [32, 32],
	"textures": {
		"1": "arrow:dark_ui",
		"d": "arrow:ui",
		"layer0": "arrow:blank",
        "2": "arrow:blank",
		"particle": "arrow:dark_ui"
	},
	"elements": [
		{
			"from": [0, 0, 7.5],
			"to": [16, 2.0625, 8.5],
			"rotation": {"angle": 0, "axis": "x", "origin": [8, 0.5, 8]},
			"faces": {
				"north": {"uv": [0, 0, 16, 16], "rotation": 180, "texture": "#1"},
				"east": {"uv": [0, 0, 16, 1], "rotation": 90, "texture": "#1"},
				"south": {"uv": [0, 0, 16, 16], "texture": "#1"},
				"west": {"uv": [0, 0, 16, 1], "rotation": 270, "texture": "#1"},
				"up": {"uv": [0, 0, 16, 1], "texture": "#1"},
				"down": {"uv": [0, 0, 16, 1], "rotation": 180, "texture": "#1"}
			}
		},
		{
			"from": [0, 1, 7.5],
			"to": [2.0625, 16, 8.5],
			"rotation": {"angle": 0, "axis": "x", "origin": [8, 0.5, 8]},
			"faces": {
				"north": {"uv": [0, 0, 16, 16], "rotation": 180, "texture": "#1"},
				"east": {"uv": [0, 0, 16, 1], "rotation": 90, "texture": "#1"},
				"south": {"uv": [0, 0, 16, 16], "texture": "#1"},
				"west": {"uv": [0, 0, 16, 1], "rotation": 270, "texture": "#1"},
				"up": {"uv": [0, 0, 16, 1], "texture": "#1"},
				"down": {"uv": [0, 0, 16, 1], "rotation": 180, "texture": "#1"}
			}
		},
		{
			"from": [13.9375, 0, 7.4],
			"to": [16, 16, 8.6],
			"rotation": {"angle": 0, "axis": "x", "origin": [8, 0.5, 8]},
			"faces": {
				"north": {"uv": [0, 0, 16, 16], "rotation": 180, "texture": "#d"},
				"east": {"uv": [0, 0, 16, 1], "rotation": 90, "texture": "#d"},
				"south": {"uv": [0, 0, 16, 16], "texture": "#d"},
				"west": {"uv": [0, 0, 16, 1], "rotation": 270, "texture": "#d"},
				"up": {"uv": [0, 0, 16, 1], "texture": "#d"},
				"down": {"uv": [0, 0, 16, 1], "rotation": 180, "texture": "#d"}
			}
		},
		{
			"from": [1, 13.9375, 7.5],
			"to": [15, 16, 8.5],
			"rotation": {"angle": 0, "axis": "x", "origin": [8, 0.5, 8]},
			"faces": {
				"north": {"uv": [0, 0, 16, 16], "rotation": 180, "texture": "#1"},
				"east": {"uv": [0, 0, 16, 1], "rotation": 90, "texture": "#1"},
				"south": {"uv": [0, 0, 16, 16], "texture": "#1"},
				"west": {"uv": [0, 0, 16, 1], "rotation": 270, "texture": "#1"},
				"up": {"uv": [0, 0, 16, 1], "texture": "#1"},
				"down": {"uv": [0, 0, 16, 1], "rotation": 180, "texture": "#1"}
			}
		},
		{
			"from": [2.0625, 2.0625, 7.5],
			"to": [13.9375, 13.9375, 8.5],
			"rotation": {"angle": 0, "axis": "x", "origin": [8, 0.5, 8]},
			"faces": {
				"north": {"uv": [0, 0, 16, 16], "rotation": 180, "texture": "#1"},
				"east": {"uv": [0, 0, 16, 1], "rotation": 90, "texture": "#1"},
				"south": {"uv": [0, 0, 16, 16], "texture": "#1"},
				"west": {"uv": [0, 0, 16, 1], "rotation": 270, "texture": "#1"},
				"up": {"uv": [0, 0, 16, 1], "texture": "#1"},
				"down": {"uv": [0, 0, 16, 1], "rotation": 180, "texture": "#1"}
			}
		},
		{
			"from": [1.1625, 2.0625, 8.5],
			"to": [13.0375, 13.9375, 9.5],
			"rotation": {"angle": 0, "axis": "x", "origin": [8, 0.5, 8]},
			"faces": {
				"north": {"uv": [0, 0, 16, 16], "texture": "#layer0"},
				"east": {"uv": [6, 0, 6.5, 6], "texture": "#2"},
				"south": {"uv": [0, 0, 16, 16], "texture": "#layer0"},
				"west": {"uv": [6, 6, 6.5, 12], "texture": "#2"},
				"up": {"uv": [12.5, 0.5, 6.5, 0], "texture": "#2"},
				"down": {"uv": [12.5, 0.5, 6.5, 1], "texture": "#2"}
			}
		}
	],
	"gui_light": "front",
	"display": {
		"firstperson_righthand": {
			"rotation": [0, 23, 0],
			"translation": [3.75, 0, 0]
		},
		"firstperson_lefthand": {
			"rotation": [-34, 0, 0]
		},
		"ground": {
			"translation": [0, 7, 0]
		},
		"gui": {
			"translation": [0, 0, -9.25],
			"scale": [1.25, 1.25, 1]
		},
		"head": {
			"rotation": [1, 0, 0],
			"translation": [0, 0, -8]
		},
		"fixed": {
			"rotation": [180, 0, 180],
			"translation": [0, 0, -0.75]
		}
	}
}
