{
  "providers": [
    {
      "type": "bitmap",
      "file": "arrow:ttu/4_1.png",
      "height": 36,
      "ascent": 24,
      "chars": ["\uf000"]
    },
    {
      "type": "bitmap",
      "file": "arrow:ttu/4_2.png",
      "height": 36,
      "ascent": 24,
      "chars": ["\uf001"]
    },
    {
      "type": "bitmap",
      "file": "arrow:ttu/4_3.png",
      "height": 36,
      "ascent": 24,
      "chars": ["\uf002"]
    },
    {
      "type": "bitmap",
      "file": "arrow:ttu/4_4.png",
      "height": 36,
      "ascent": 24,
      "chars": ["\uf003"]
    },
    {
      "type": "bitmap",
      "file": "arrow:ttu/4_5.png",
      "height": 36,
      "ascent": 24,
      "chars": ["\uf004"]
    }
  ]
}