{
    "type": "command",
    "pools": [
        {
            "rolls": 1,
            "entries": [
                {
                    "type": "alternatives",
                    "children": [
                        {
                            "type": "loot_table",
                            "name": "ui:player/potions/regen_uhc",
                            "conditions": [
                                {
                                    "condition": "value_check",
                                    "value": {
                                        "type": "score",
                                        "target": {"type": "fixed","name": "GameMode"},
                                        "score": "Data"
                                    },
                                    "range": 1
                                }
                            ]
                        },
                        {
                            "type": "loot_table",
                            "name": "ui:player/potions/regen"
                        }
                    ]
                }
            ]
        }
    ]
}