{
    "type": "command",
    "pools": [
        {
            "rolls": 1,
            "entries": [
                {
                    "type": "alternatives",
                    "children": [
                        {
                            "type": "item",
                            "name": "paper",
                            "functions": [
                                {
                                "function": "set_nbt",
                                "tag": "{CustomModelData:1004,ui:{id:'need_tcho'}}"
                                },
                                {
                                    "function": "set_name",
                                    "entity": "this",
                                    "name": {"translate":"buff.creeper_storm","color": "red","italic": false}
                                },
                                {
                                    "function": "set_lore",
                                    "entity": "this",
                                    "lore": [
                                        "",
                                        {"translate":"lore.buff.creeper_storm.1","color": "gray","italic": false},
                                        {"translate":"lore.buff.creeper_storm.2","color": "gray","italic": false},
                                        {"translate":"lore.buff.creeper_storm.3","color": "gray","italic": false},
                                        {"translate":"lore.buff.creeper_storm.4","color": "gray","italic": false},
                                        {"translate":"lore.buff.creeper_storm.5","color": "gray","italic": false},
                                        " ",
                                        {"translate":"need_tcho"},
                                        {"translate":"magic_occult","color":"gray","italic":false,"with": [
                                            {
                                                "text": " III"
                                            }
                                        ]},
                                        {"translate":"society_populate","color":"gray","italic":false,"with": [
                                            {
                                                "text": " I"
                                            }
                                        ]},
                                        {"translate":"science_techno","color":"gray","italic":false,"with": [
                                            {
                                                "text": " I"
                                            }
                                        ]},
                                        "",
                                        {
                                            "translate":"locked"
                                        }
                                    ]
                                }
                            ],
                            "conditions": [
                                {
                                    "condition": "any_of",
                                    "terms": [
                                        {
                                    "condition": "value_check",
                                    "value": {
                                        "type": "score",
                                        "target": {"type": "fixed","name": "society_populate"},
                                        "score": "calculator"
                                    },
                                    "range": {
                                        "max" : 0
                                    }
                                },
                                 {
                                    "condition": "value_check",
                                    "value": {
                                        "type": "score",
                                        "target": {"type": "fixed","name": "science_techno"},
                                        "score": "calculator"
                                    },
                                    "range": {
                                        "max" : 0
                                    }
                                },
                                 {
                                    "condition": "value_check",
                                    "value": {
                                        "type": "score",
                                        "target": {"type": "fixed","name": "magic_occult"},
                                        "score": "calculator"
                                    },
                                    "range": {
                                        "max" : 2
                                    }
                                }
                                    ]
                                }   
                            ]
                        },{
                            "type": "item",
                            "name": "paper",
                            "functions": [
                                {
                                "function": "set_nbt",
                                "tag": "{CustomModelData:1004,UISpaceHolder:1b}"
                                },
                                {
                                    "function": "set_name",
                                    "entity": "this",
                                    "name": {"translate":"buff.creeper_storm","color": "dark_red","italic": false}
                                },
                                {
                                    "function": "set_lore",
                                    "entity": "this",
                                    "lore": [
                                        "",
                                        {"translate":"lore.buff.creeper_storm.1","color": "gray","italic": false},
                                        {"translate":"lore.buff.creeper_storm.2","color": "gray","italic": false},
                                        {"translate":"lore.buff.creeper_storm.3","color": "gray","italic": false},
                                        {"translate":"lore.buff.creeper_storm.4","color": "gray","italic": false},
                                        {"translate":"lore.buff.creeper_storm.5","color": "gray","italic": false},
                                        " ",
                                        {"translate":"buff.in_progress","color": "red","italic": false}
                                    ]
                                }
                            ],
                            "conditions": [
                                {
                                    "condition": "value_check",
                                    "value": {
                                        "type": "score",
                                        "target": {"type": "fixed","name": "creeperStorm"},
                                        "score": "calculator"
                                    },
                                    "range": {
                                        "min" : 1
                                    }
                                }
                            ]
                        },
                        {
                            "type": "item",
                            "name": "paper",
                            "functions": [
                                {
                                "function": "set_nbt",
                                "tag": "{CustomModelData:1004,ui:{id:'creeper_storm'}}"
                                },
                                {
                                    "function": "set_name",
                                    "entity": "this",
                                    "name": {"translate":"buff.creeper_storm","color": "dark_red","italic": false}
                                },
                                {
                                    "function": "set_lore",
                                    "entity": "this",
                                    "lore": [
                                        "",
                                        {"translate":"lore.buff.creeper_storm.1","color": "gray","italic": false},
                                        {"translate":"lore.buff.creeper_storm.2","color": "gray","italic": false},
                                        {"translate":"lore.buff.creeper_storm.3","color": "gray","italic": false},
                                        {"translate":"lore.buff.creeper_storm.4","color": "gray","italic": false},
                                        {"translate":"lore.buff.creeper_storm.5","color": "gray","italic": false},
                                        " ",
                                        {"translate":"price"},
                                        {"translate":"dirt","with": [
                                            {
                                                "text": "§a 64"
                                            }
                                        ]},
                                        {"translate":"lapis","with": [
                                            {
                                                "text": "§a 24"
                                            }
                                        ]},
                                        {"translate":"gold","with": [
                                            {
                                                "text": "§a 24"
                                            }
                                        ]},
                                        {"translate":"diamond","with": [
                                            {
                                                "text": "§a 24"
                                            }
                                        ]},
                                        {"translate":"netherite","with": [
                                            {
                                                "text": "§a 1"
                                            }
                                        ]}
                                    ]
                                }
                            ]
                        }
                    ]
                }
                
            ]
        }
    ]
}