{
    "type":"command",
    "pools": [
        {
            "rolls": 1,
            "entries": [
                {
                    "type": "alternatives",
                    "children": [
                        {
                            "type": "item",
                            "name": "spectral_arrow",
                            "functions": [
                                {
                                    "function": "set_nbt",
                                    "tag": "{ui:{id:8b},CustomModelData:1}"
                                },
                                {
                                    "function": "set_name",
                                    "entity": "this",
                                    "name": {"translate":"显形祈祷","color": "green","italic": false}
                                },
                                {
                                    "function": "set_lore",
                                    "entity": "this",
                                    "lore": [
                                        "",
                                        {"translate":"lore.light_pray.1","color": "gray","italic": false},
                                        {"translate":"lore.light_pray.2","color": "gray","italic": false},
                                        "",
                                        {"translate":"price"},
                                        {"translate":"copper","with": [
                                            {
                                                "text": "§a6"
                                            }
                                        ]},
                                        {"translate":"iron","with": [
                                            {
                                                "text": "§a5"
                                            }
                                        ]},
                                        {"translate":"diamond","with": [
                                            {
                                                "text": "§a2"
                                            }
                                        ]},
                                        {"translate":"点击购买","color": "yellow","italic": false}
                                    ]
                                }
                            ],
                            "conditions": [
                                {
                                    "condition": "value_check",
                                    "value": {
                                        "type": "score",
                                        "target": {"type": "fixed","name": "magic_occult"},
                                        "score": "calculator"
                                    },
                                    "range": {
                                        "min" : 1
                                    }
                                }
                            ]
                        },
                        {
                            "type": "item",
                            "name": "spectral_arrow",
                            "functions": [
                                {
                                    "function": "set_nbt",
                                    "tag": "{ui:{id:'need_tcho'},CustomModelData:1}"
                                },
                                {
                                    "function": "set_name",
                                    "entity": "this",
                                    "name": {"translate":"显形祈祷","color": "red","italic": false}
                                },
                                {
                                    "function": "set_lore",
                                    "entity": "this",
                                    "lore": [
                                        "",
                                        {"translate":"lore.light_pray.1","color": "gray","italic": false},
                                        {"translate":"lore.light_pray.2","color": "gray","italic": false},
                                        "",
                                        {"translate":"need_tcho"},
                                        {"translate":"magic_occult","color": "gray","italic": false,"with": [
                                            {
                                                "text": " I"
                                            }
                                        ]}
                                    ]
                                }
                            ]
                        }
                    ]
                }
            ]
        }
    ]
}