{
    "type": "command",
    "pools": [
        {
            "rolls": 1,
            "entries": [
                {
                    "type": "alternatives",
                    "children": [
                        {
                            "type": "item",
                            "name": "iron_pickaxe",
                            "functions": [
                                {
                                    "function": "set_nbt",
                                    "tag": "{UISpaceHolder:1b,HideFlags:3,CustomModelData:3}"
                                },
                                {
                                    "function": "set_name",
                                    "entity": "this",
                                    "name": {"translate":"收获等级","color": "gold","italic": false}
                                },
                                {
                                    "function": "set_lore",
                                    "entity": "this",
                                    "replace": true,
                                    "lore": [
                                        "",
                                        {"translate":"使你在挖掘矿物时","color": "gray","italic": false},
                                        {"translate":"获得更多矿石!","color": "gray","italic": false},
                                        "",
                                        {"translate":"当前等级:","color": "yellow","italic": false},
                                        {"translate":"90%额外获得1","color": "gray","italic": false},
                                        {"translate":"60%再额外获得1","color": "gray","italic": false},
                                        "",
                                        {"translate":"最高等级！","color": "gold","italic":false}
                                    ]
                                }
                            ],
                            "conditions": [
                                {
                                    "condition": "entity_scores",
                                    "entity": "this",
                                    "scores": {
                                        "harvest_level": {"min": 3}
                                    }
                                }
                            ]
                        },

                        {
                            "type": "item",
                            "name": "iron_pickaxe",
                            "functions": [
                                {
                                    "function": "set_nbt",
                                    "tag": "{ui:{id:'harvest'},HideFlags:3,CustomModelData:2}"
                                },
                                {
                                    "function": "set_name",
                                    "entity": "this",
                                    "name": {"translate":"收获等级","color": "green","italic": false}
                                },
                                {
                                    "function": "set_lore",
                                    "entity": "this",
                                    "replace": true,
                                    "lore": [
                                        "",
                                        {"translate":"使你在挖掘矿物时","color": "gray","italic": false},
                                        {"translate":"获得更多矿石!","color": "gray","italic": false},
                                        "",
                                        {"translate":"当前等级:","color": "yellow","italic": false},
                                        {"translate":"60%额外获得1","color": "gray","italic": false},
                                        {"translate":"50%再额外获得1","color": "gray","italic": false},
                                        "",
                                        {"translate":"升级效果:","color": "gold","italic":false},
                                        {"translate":"90%额外获得1","color": "gray","italic": false},
                                        {"translate":"60%再额外获得1","color": "gray","italic": false},
                                        "",
                                        {"translate":"price"},
                                        {"translate":"iron","with": [
                                            {
                                                "text": "§a12"
                                            }
                                        ]},
                                        {"translate":"gold","with": [
                                            {
                                                "text": "§a15"
                                            }
                                        ]},
                                        {"translate":"copper","with": [
                                            {
                                                "text": "§a15"
                                            }
                                        ]},
                                        {"translate":"lapis","with": [
                                            {
                                                "text": "§a12"
                                            }
                                        ]},
                                        {"translate":"diamond","with": [
                                            {
                                                "text": "§a8"
                                            }
                                        ]},
                                        {"translate":"netherite","with": [
                                            {
                                                "text": "§a1"
                                            }
                                        ]},
                                        {"translate":"点击购买","color": "yellow","italic": false}
                                    ]
                                }
                            ],
                            "conditions": [
                                {
                                    "condition": "entity_scores",
                                    "entity": "this",
                                    "scores": {
                                        "harvest_level": 2
                                    }
                                },
                                {
                                    "condition": "value_check",
                                    "value": {"type": "score","target": {"type": "fixed","name": 
                                        "magic_occult"},"score": "calculator"},"range": {
                                        "min" : 3
                                    }
                                },
                                {
                                    "condition": "value_check",
                                    "value": {"type": "score","target": {"type": "fixed","name": 
                                        "science_techno"},"score": "calculator"},"range": {
                                        "min" : 2
                                    }
                                }
                            ]
                        },

                        {
                            "type": "item",
                            "name": "iron_pickaxe",
                            "functions": [
                                {
                                    "function": "set_nbt",
                                    "tag": "{ui:{id:'need_tcho'},HideFlags:3,CustomModelData:2}"
                                },
                                {
                                    "function": "set_name",
                                    "entity": "this",
                                    "name": {"translate":"收获等级","color": "red","italic": false}
                                },
                                {
                                    "function": "set_lore",
                                    "entity": "this",
                                    "replace": true,
                                    "lore": [
                                        "",
                                        {"translate":"使你在挖掘矿物时","color": "gray","italic": false},
                                        {"translate":"获得更多矿石!","color": "gray","italic": false},
                                        "",
                                        {"translate":"当前等级:","color": "yellow","italic": false},
                                        {"translate":"60%额外获得1","color": "gray","italic": false},
                                        {"translate":"50%再额外获得1","color": "gray","italic": false},
                                        "",
                                        {"translate":"升级效果:","color": "gold","italic":false},
                                        {"translate":"90%额外获得1","color": "gray","italic": false},
                                        {"translate":"60%再额外获得1","color": "gray","italic": false},
                                        "",
                                        {"translate":"need_tcho"},
                                        {"translate":"magic_occult","color": "gray","italic": false,"with": [
                                            {
                                                "text": " III"
                                            }
                                        ]},
                                        {"translate":"science_techno","color": "gray","italic": false,"with": [
                                            {
                                                "text": " II"
                                            }
                                        ]},
                                        {"translate":"locked"}
                                    ]
                                }
                            ],
                            "conditions": [
                                {
                                    "condition": "entity_scores",
                                    "entity": "this",
                                    "scores": {
                                        "harvest_level": 2
                                    }
                                }
                            ]
                        },




                        {
                            "type": "item",
                            "name": "iron_pickaxe",
                            "functions": [
                                {
                                    "function": "set_nbt",
                                    "tag": "{ui:{id:'harvest'},HideFlags:3,CustomModelData:1}"
                                },
                                {
                                    "function": "set_name",
                                    "entity": "this",
                                    "name": {"translate":"收获等级","color": "green","italic": false}
                                },
                                {
                                    "function": "set_lore",
                                    "entity": "this",
                                    "replace": true,
                                    "lore": [
                                        "",
                                        {"translate":"使你在挖掘矿物时","color": "gray","italic": false},
                                        {"translate":"获得更多矿石!","color": "gray","italic": false},
                                        "",
                                        {"translate":"当前等级:","color": "yellow","italic": false},
                                        {"translate":"50%额外获得1","color": "gray","italic": false},
                                        "",
                                        {"translate":"升级效果:","color": "gold","italic":false},
                                        {"translate":"60%额外获得1","color": "gray","italic": false},
                                        {"translate":"50%再额外获得1","color": "gray","italic": false},
                                        "",
                                        {"translate":"price"},
                                        {"translate":"iron","with": [
                                            {
                                                "text": "§a8"
                                            }
                                        ]},
                                        {"translate":"gold","with": [
                                            {
                                                "text": "§a8"
                                            }
                                        ]},
                                        {"translate":"copper","with": [
                                            {
                                                "text": "§a8"
                                            }
                                        ]},
                                        {"translate":"lapis","with": [
                                            {
                                                "text": "§a6"
                                            }
                                        ]},
                                        {"translate":"diamond","with": [
                                            {
                                                "text": "§a4"
                                            }
                                        ]},
                                        {"translate":"点击购买","color": "yellow","italic": false}
                                    ]
                                }
                            ],
                            "conditions": [
                                {
                                    "condition": "entity_scores",
                                    "entity": "this",
                                    "scores": {
                                        "harvest_level": 1
                                    }
                                },
                                {
                                    "condition": "value_check",
                                    "value": {"type": "score","target": {"type": "fixed","name": 
                                        "magic_occult"},"score": "calculator"},"range": {
                                        "min" : 2
                                    }
                                },
                                {
                                    "condition": "value_check",
                                    "value": {"type": "score","target": {"type": "fixed","name": 
                                        "science_techno"},"score": "calculator"},"range": {
                                        "min" : 1
                                    }
                                }
                            ]
                        },

                        {
                            "type": "item",
                            "name": "iron_pickaxe",
                            "functions": [
                                {
                                    "function": "set_nbt",
                                    "tag": "{ui:{id:'need_tcho'},HideFlags:3,CustomModelData:1}"
                                },
                                {
                                    "function": "set_name",
                                    "entity": "this",
                                    "name": {"translate":"收获等级","color": "red","italic": false}
                                },
                                {
                                    "function": "set_lore",
                                    "entity": "this",
                                    "replace": true,
                                    "lore": [
                                        "",
                                        {"translate":"使你在挖掘矿物时","color": "gray","italic": false},
                                        {"translate":"获得更多矿石!","color": "gray","italic": false},
                                        "",
                                        {"translate":"当前等级:","color": "yellow","italic": false},
                                        {"translate":"50%额外获得1","color": "gray","italic": false},
                                        "",
                                        {"translate":"升级效果:","color": "gold","italic":false},
                                        {"translate":"60%额外获得1","color": "gray","italic": false},
                                        {"translate":"50%再额外获得1","color": "gray","italic": false},
                                        "",
                                        {"translate":"need_tcho"},
                                        {"translate":"magic_occult","color": "gray","italic": false,"with": [
                                            {
                                                "text": " II"
                                            }
                                        ]},
                                        {"translate":"science_techno","color": "gray","italic": false,"with": [
                                            {
                                                "text": " I"
                                            }
                                        ]},
                                        {"translate":"locked"}
                                    ]
                                }
                            ],
                            "conditions": [
                                {
                                    "condition": "entity_scores",
                                    "entity": "this",
                                    "scores": {
                                        "harvest_level": 1
                                    }
                                }
                            ]
                        },




                        {
                            "type": "item",
                            "name": "iron_pickaxe",
                            "functions": [
                                {
                                    "function": "set_nbt",
                                    "tag": "{ui:{id:'harvest'},HideFlags:3,CustomModelData:5}"
                                },
                                {
                                    "function": "set_name",
                                    "entity": "this",
                                    "name": {"translate":"收获等级","color": "green","italic": false}
                                },
                                {
                                    "function": "set_lore",
                                    "entity": "this",
                                    "replace": true,
                                    "lore": [
                                        "",
                                        {"translate":"使你在挖掘矿物时","color": "gray","italic": false},
                                        {"translate":"获得更多矿石!","color": "gray","italic": false},
                                        "",
                                        {"translate":"升级效果:","color": "gold","italic": false},
                                        {"translate":"50%额外获得1","color": "gray","italic": false},
                                        "",
                                        {"translate":"price"},
                                        {"translate":"iron","with": [
                                            {
                                                "text": "§a4"
                                            }
                                        ]},
                                        {"translate":"gold","with": [
                                            {
                                                "text": "§a4"
                                            }
                                        ]},
                                        {"translate":"copper","with": [
                                            {
                                                "text": "§a4"
                                            }
                                        ]},
                                        {"translate":"lapis","with": [
                                            {
                                                "text": "§a3"
                                            }
                                        ]},
                                        {"translate":"diamond","with": [
                                            {
                                                "text": "§a2"
                                            }
                                        ]},
                                        {"translate":"点击购买","color": "yellow","italic": false}
                                    ]
                                }
                            ],
                            "conditions": [
                                {
                                    "condition": "value_check",
                                    "value": {"type": "score","target": {"type": "fixed","name": 
                                        "magic_occult"},"score": "calculator"},"range": {
                                        "min" : 1
                                    }
                                }
                            ]
                        },

                        {
                            "type": "item",
                            "name": "iron_pickaxe",
                            "functions": [
                                {
                                    "function": "set_nbt",
                                    "tag": "{ui:{id:'need_tcho'},HideFlags:3,CustomModelData:5}"
                                },
                                {
                                    "function": "set_name",
                                    "entity": "this",
                                    "name": {"translate":"收获等级","color": "red","italic": false}
                                },
                                {
                                    "function": "set_lore",
                                    "entity": "this",
                                    "replace": true,
                                    "lore": [
                                        "",
                                        {"translate":"使你在挖掘矿物时","color": "gray","italic": false},
                                        {"translate":"获得更多矿石!","color": "gray","italic": false},
                                        "",
                                        {"translate":"升级效果:","color": "gold","italic": false},
                                        {"translate":"50%额外获得1","color": "gray","italic": false},
                                        "",
                                        {"translate":"need_tcho"},
                                        {"translate":"magic_occult","color": "gray","italic": false,"with": [
                                            {
                                                "text": " I"
                                            }
                                        ]},
                                        {"translate":"locked"}
                                    ]
                                }
                            ]
                        }
                    ]
                }
            ]
        }
    ],
    "functions": [
        {
            "function": "set_nbt",
            "tag": "{Enchantments:[{}]}"
        }
    ]
}