{
    "type": "command",
    "pools": [
        {
            "rolls": 1,
            "entries": [
                {
                    "type": "alternatives",
                    "children": [
                        {
                            "type": "item",
                            "name": "paper",
                            "functions": [
                                {
                                    "function": "set_nbt",
                                    "tag": "{CustomModelData:1001,UISpaceHolder:1b}"
                                },
                                {
                                    "function": "set_name",
                                    "entity": "this",
                                    "name": {"translate":"水晶工厂","color": "gold","italic": false}
                                },
                                {
                                    "function": "set_lore",
                                    "entity": "this",
                                    "lore": ["",
                                        {"translate":"购买一颗新的水晶","color": "gray","italic": false},
                                        {"translate":"新的水晶同样会发射激光防守","color": "gray","italic": false},
                                        {"translate":"且会小幅增加泥土生产速度","color": "gray","italic": false},
                                        "",
                                        {"translate":"已达最大数量！","color": "gold","italic": false}
                                    ]
                                }
                            ],
                            "conditions": [
                                {
                                    "condition": "value_check",
                                    "value": {"type": "score","score": "calculator","target": {"type": "fixed","name": "crystal_count"}},
                                    "range": {"min":4}
                                }
                            ]
                        },
                        {
                            "type": "item",
                            "name": "paper",
                            "functions": [
                                {
                                    "function": "set_nbt",
                                    "tag": "{CustomModelData:1001,ui:{id:'new_crystal'}}"
                                },
                                {
                                    "function": "set_name",
                                    "entity": "this",
                                    "name": {"translate":"水晶工厂","color": "green","italic": false}
                                },
                                {
                                    "function": "set_lore",
                                    "entity": "this",
                                    "lore": ["",
                                        {"translate":"购买一颗新的水晶","color": "gray","italic": false},
                                        {"translate":"新的水晶同样会发射激光防守","color": "gray","italic": false},
                                        {"translate":"且会小幅增加泥土生产速度","color": "gray","italic": false},
                                        "",
                                        {"translate":"price"},
                                        {"translate":"dirt","with": [
                                            {
                                                "text": "§a 64"
                                            }
                                        ]},
                                        {"translate":"diamond","with": [
                                            {
                                                "text": "§a 12"
                                            }
                                        ]},
                                        {"translate":"netherite","with": [
                                            {
                                                "text": "§a 1"
                                            }
                                        ]},
                                        {"translate":"点击购买","color": "yellow","italic": false}
                                    ]
                                }
                            ],
                            "conditions": [
                                {
                                    "condition": "value_check",
                                    "value": {"type": "score","score": "calculator","target": {"type": "fixed","name": "crystal_count"}},
                                    "range": {"min":3}
                                },
                                {
                                    "condition": "value_check",
                                    "value": {
                                        "type": "score",
                                        "target": {"type": "fixed","name": "magic_occult"},
                                        "score": "calculator"
                                    },
                                    "range": {
                                        "min": 2
                                    }
                                }
                            ]
                        },
                        {
                            "type": "item",
                            "name": "paper",
                            "functions": [
                                {
                                    "function": "set_nbt",
                                    "tag": "{CustomModelData:1001,ui:{id:'need_tcho'}}"
                                },
                                {
                                    "function": "set_name",
                                    "entity": "this",
                                    "name": {"translate":"水晶工厂","color": "red","italic": false}
                                },
                                {
                                    "function": "set_lore",
                                    "entity": "this",
                                    "lore": ["",
                                        {"translate":"购买一颗新的水晶","color": "gray","italic": false},
                                        {"translate":"新的水晶同样会发射激光防守","color": "gray","italic": false},
                                        {"translate":"且会小幅增加泥土生产速度","color": "gray","italic": false},
                                        "",
                                        {"translate":"need_tcho"},
                                        {"translate":"magic_occult","color":"gray","italic":false,"with": [
                                            {
                                                "text": " II"
                                            }
                                        ]},
                                        "",
                                        {
                                            "translate":"locked"
                                        }
                                    ]
                                }
                            ],
                            "conditions": [
                                {
                                    "condition": "value_check",
                                    "value": {"type": "score","score": "calculator","target": {"type": "fixed","name": "crystal_count"}},
                                    "range": {"min":3}
                                }
                            ]
                        },
                        {
                            "type": "item",
                            "name": "paper",
                            "functions": [
                                {
                                    "function": "set_nbt",
                                    "tag": "{CustomModelData:1001,ui:{id:'new_crystal'}}"
                                },
                                {
                                    "function": "set_name",
                                    "entity": "this",
                                    "name": {"translate":"水晶工厂","color": "green","italic": false}
                                },
                                {
                                    "function": "set_lore",
                                    "entity": "this",
                                    "lore": ["",
                                        {"translate":"购买一颗新的水晶","color": "gray","italic": false},
                                        {"translate":"新的水晶同样会发射激光防守","color": "gray","italic": false},
                                        {"translate":"且会小幅增加泥土生产速度","color": "gray","italic": false},
                                        "",
                                        {"translate":"price"},
                                        {"translate":"dirt","with": [
                                            {
                                                "text": "§a 24"
                                            }
                                        ]},
                                        {"translate":"diamond","with": [
                                            {
                                                "text": "§a 5"
                                            }
                                        ]},
                                        {"translate":"点击购买","color": "yellow","italic": false}
                                    ]
                                }
                            ]
                        }
                    ]
                }
            ]
        }
    ]
}