{
    "pools": [
        {
            "rolls": 1,
            "entries": [
                {
                    "type": "item",
                    "name": "paper"
                }
            ]
        }
    ],
    "functions": [
        {
            "function": "set_nbt","tag": "{ui:{id:'society'},CustomModelData:1,display:{Name:'{\"translate\": \"society_populate\",\"color\": \"green\",\"italic\": false,\"with\":[\"\"]}'}}"
        },
        {
            "function": "set_lore",
            "entity": "this",
            "lore": ["",{"translate":"社会结构","color": "gray","italic": false},
                {"translate":"方面的演化3","color": "gray","italic": false},
                    {"translate":"升级以解锁关于后勤，","color": "gray","italic": false},
                    {"translate":"军队等方面的商品","color": "gray","italic": false},
                    {"translate":"这也会增加猪灵奴隶的数量","color": "gray","italic": false}]
        },
        {
            "function": "set_lore",
            "entity": "this",
            "lore": [ "",
                [{"translate":"演化: ","color": "gold","italic": false},{"text": "∅ → I"}]
                ,{"translate":"price"},
            {"translate":"dirt","with": [
            {
                "text": "§a 24"
            }
            ]},
            {"translate":"iron","with": [
            {
                "text": "§a 2"
            }
            ]},
            {"translate":"copper","with": [
            {
                "text": "§a 2"
            }
            ]},
            {"nbt":"text.buy","interpret": true,"storage":"game:shop"}],
            "replace": false,
            "conditions": [
                {
                    "condition": "value_check",
                    "value": {"type": "score","score": "calculator","target": {"type": "fixed","name": "society_populate"}},
                    "range": 0
                }
            ]
        },
        {
            "function": "set_lore",
            "entity": "this",
            "lore": [ "",[{"translate":"演化: ","color": "gold","italic": false},{"text": "I → II"}]
                ,{"translate":"price"},
            {"translate":"dirt","with": [
            {
                "text": "§a 52"
            }
            ]},
            {"translate":"iron","with": [
            {
                "text": "§a 5"
            }
            ]},
            {"translate":"copper","with": [
            {
                "text": "§a 5"
            }
            ]},
            {"translate":"gold","with": [
            {
                "text": "§a 3"
            }
            ]},
            {"nbt":"text.buy","interpret": true,"storage":"game:shop"}],
            "replace": false,
            "conditions": [
                {
                    "condition": "value_check",
                    "value": {"type": "score","score": "calculator","target": {"type": "fixed","name": "society_populate"}},
                    "range": 1
                }
            ]
        },
        {
            "function": "set_lore",
            "entity": "this",
            "lore": [ "",[{"translate":"演化: ","color": "gold","italic": false},{"text": "II → III"}]
                ,{"translate":"price"},
            {"translate":"dirt","with": [
            {
                "text": "§a 84"
            }
            ]},
            {"translate":"lapis","with": [
            {
                "text": "§a 16"
            }
            ]},
            {"translate":"diamond","with": [
            {
                "text": "§a 8"
            }
            ]},
            {"translate":"netherite","with": [
             [" ",
            {
                "score": {"name": "techNetherite","objective": "calculator"},
                "color": "dark_red","italic":false
            }
            ]]},
            {"nbt":"text.buy","interpret": true,"storage":"game:shop"}],
            "replace": false,
            "conditions": [
                {
                    "condition": "value_check",
                    "value": {"type": "score","score": "calculator","target": {"type": "fixed","name": "society_populate"}},
                    "range": 2
                }
            ]
        },
        {
            "function": "set_lore",
            "entity": "this",
            "lore": ["",[{"translate":"演化: ","color": "gold","italic": false},{"text": "III"},{"text":" (Max)"}],
            {"translate":"已经满级!","color":"red","italic": false}],
            "replace": false,
            "conditions": [
                {
                    "condition": "value_check",
                    "value": {"type": "score","score": "calculator","target": {"type": "fixed","name": "society_populate"}},
                    "range": {
                        "min": 3
                    }
                },
                {
                    "condition": "value_check",
                    "value": {"type": "score","score": "Data","target": {"type": "fixed","name": "game"}},
                    "range": {
                        "min": 1
                    }
                }
            ]
        },
        {
            "function": "copy_nbt",
            "source": {
                "type": "storage",
                "source": "run"
            },
            "ops": [
                {
                    "source": "ModelData",
                    "target": "CustomModelData",
                    "op": "replace"
                }
            ]
        }
    ]
}