{
    "type": "command",
    "pools": [
        {
            "rolls": 1,
            "entries": [
                {
                    "type": "alternatives",
                    "children": [
                        {
                            "type": "item",
                            "name": "netherite_axe",
                            "conditions": [
                                {
                                    "condition": "entity_scores",
                                    "entity": "this",
                                    "scores": {
                                        "axe":{
                                            "min": 5
                                        }
                                    }
                                }
                            ]
                        },
                        {
                            "type": "item",
                            "name": "diamond_axe",
                            "conditions": [
                                {
                                    "condition": "entity_scores",
                                    "entity": "this",
                                    "scores": {
                                        "axe":{
                                            "min": 4
                                        }
                                    }
                                }
                            ]
                        },
                        {
                            "type": "item",
                            "name": "iron_axe",
                            "conditions": [
                                {
                                    "condition": "entity_scores",
                                    "entity": "this",
                                    "scores": {
                                        "axe":{
                                            "min": 3
                                        }
                                    }
                                }
                            ]
                        },
                        {
                            "type": "item",
                            "name": "stone_axe",
                            "conditions": [
                                {
                                    "condition": "entity_scores",
                                    "entity": "this",
                                    "scores": {
                                        "axe":{
                                            "min": 2
                                        }
                                    }
                                }
                            ]
                        },
                        {
                            "type": "item",
                            "name": "wooden_axe"
                        }
                    ]
                }
            ]
        }
    ],
    "functions": [
        {
            "function": "set_nbt",
            "tag": "{Unbreakable:1b,HideFlags:12,isConstant:1b,CanDestroy:['#game:breakable']}"
        },
        {
            "function": "set_lore",
            "entity": "this",
            "lore": [
                "",
                {"translate":"lore.bined_item"}
            ]
        },
        {
             "function": "set_enchantments",
             "add": true,
             "enchantments": {
                 "sharpness": {"type": "score","score": "calculator","target": {"type": "fixed","name": "sharpness"}}
             }
        }
    ]
}