{
    "pools": [
        {
            "rolls": 1,
            "entries": [
                {
                    "type": "item",
                    "name": "crossbow"
                }
            ]
        }
    ],
    "functions": [
        {
            "function": "set_nbt",
            "tag": "{Unbreakable:1b,HideFlags:12,isConstant:1b,CanDestroy:['#game:breakable']}"
        },
        {
            "function": "set_lore",
            "entity": "this",
            "lore": [
                "",
                {"translate":"lore.bined_item"}
            ]
        },
        {
            "function": "set_enchantments",
            "enchantments": {
                "quick_charge" : {
                    "type": "score",
                    "target": "this",
                    "score": "crossbow"
                }
            }
        },
        {
            "function": "set_enchantments",
            "enchantments": {
                "power" : {
                    "type": "score",
                    "target": {
                        "type": "fixed",
                        "name": "power"
                    },
                    "score": "calculator"
                }
            }
        },
        {
            "function": "set_enchantments",
            "enchantments": {
                "piercing": 10
            }
        }
    ]
}