{
    "type": "command",
    "pools": [
        {
            "rolls": 1,
            "entries": [
                {
                    "type": "alternatives",
                    "children": [
                        {
                            "type": "item",
                            "name": "netherite_pickaxe",
                            "conditions": [
                                {
                                    "condition": "entity_scores",
                                    "entity": "this",
                                    "scores": {
                                        "pickaxe":{"min": 3}
                                    }
                                }
                            ]
                        },
                        {
                            "type": "item",
                            "name": "diamond_pickaxe",
                            "conditions": [
                                {
                                    "condition": "entity_scores",
                                    "entity": "this",
                                    "scores": {
                                        "pickaxe":2
                                    }
                                }
                            ]
                        },
                        {
                            "type": "item",
                            "name": "iron_pickaxe"
                        }
                    ]
                }
            ]
        }
    ],
    "functions": [
        {
            "function": "set_nbt",
            "tag": "{Unbreakable:1b,HideFlags:12,isConstant:1b,CanDestroy:[\"#game:breakable\"]}"
        },
        {
            "function": "set_lore",
            "entity": "this",
            "lore": [
                "",
                {"translate":"lore.bined_item"}
            ]
        },
        {
            "function": "set_enchantments",
            "add": true,
            "enchantments": {
                "efficiency": {"type": "score","score": "calculator","target": {"type": "fixed","name": "efficiency"}}
            }
       }
    ]
}