{
    "type": "command",
    "pools": [
        {
            "rolls": 1,
            "entries": [
                {
                    "type": "item",
                    "name": "red_concrete",
                    "functions": [
                        {
                            "function": "set_nbt",
                            "tag": "{ui:{id:'surrender'},HideFlags:127,display:{Lore:['\"\"']}}"
                        },
                        {
                            "function": "set_nbt",
                            "tag": "{ui:{id:'surrender_cancel'},Enchantments:[{}]}",
                            "conditions": 
                            [{"condition": "reference","name": "ui:settings/surrender"}]
                        },
                        {
                            "function": "set_lore",
                            "replace": false,
                            "lore": [
                                {"translate":"surrender.false","color": "green","italic": false}                                
                            ],
                            "conditions": 
                            [{"condition": "reference","name": "ui:settings/surrender_false"}]
                        },
                        {
                            "function": "set_lore",
                            "replace": false,
                            "lore": [
                                {"translate":"surrender.true","color": "red","italic": false}                                
                            ],
                            "conditions": 
                            [{"condition": "reference","name": "ui:settings/surrender"}]
                        },
                        {
                            "function": "set_lore",
                            "replace": false,
                            "lore": [
                                {"translate":"surrender.explain","color": "gray","italic": false},
                                ""                               
                            ]
                        },
                        {
                            "function": "set_lore",
                            "replace": false,
                            "lore": [
                                {"translate":"surrender.false.team","color": "gray","italic": false}                               
                            ],
                            "conditions": [
                                {
                                    "condition": "value_check",
                                    "value": {"type": "score","target": {"type": "fixed","name": "surrender"},"score": "calculator"},
                                    "range": {"max": -1}
                                    
                                }
                            ]
                        },
                        {
                            "function": "set_lore",
                            "replace": false,
                            "entity": "this",
                            "lore": [
                                {"translate":"surrender.true.team","color": "red","italic": false,"with": [
                                        {
                                            "score": {"name": "surrender","objective": "calculator"}
                                        }
                                    ]
                                }                               
                            ],
                            "conditions": [
                                {
                                    "condition": "value_check",
                                    "value": {"type": "score","target": {"type": "fixed","name": "surrender"},"score": "calculator"},
                                    "range": {"min": 0}
                                    
                                }
                            ]
                        },
                        {
                            "function": "set_lore",
                            "replace": false,
                            "lore": [
                                {"translate":"action.confirm","color": "red","italic": false}                               
                            ],
                            "conditions": 
                            [{"condition": "reference","name": "ui:settings/surrender_false"}]
                        },
                        {
                            "function": "set_lore",
                            "replace": false,
                            "lore": [
                                {"translate":"action.cancel","color": "green","italic": false}                               
                            ],
                            "conditions": 
                            [{"condition": "reference","name": "ui:settings/surrender"}]
                        }
                    ]
                }
            ],
            "functions": [
                {
                    "function": "set_name",
                    "entity": "this",
                    "name": {"translate":"action.surrender","color": "red","italic": false}
                }
            ]
        }
    ]
}