{
    "parent": "block/block",
    "textures": {
        "bottom": "arrow:block/netherite_altar_bottom",
        "side": "arrow:block/netherite_altar_side",
        "top": "arrow:block/netherite_altar_top",
        "front": "arrow:block/netherite_altar_front",
        "particle": "arrow:block/netherite_altar_front"
    },
    "elements": [
        {   "from": [ 0, 0, 0 ],
            "to": [ 16, 16, 16 ],
            "faces": {
                "down":  { "uv": [ 0, 0, 16, 16 ], "texture": "#top", "cullface": "down" },
                "up":    { "uv": [ 0, 16, 16, 0 ], "texture": "#top", "cullface": "up" },
                "east": { "uv": [ 0, 0, 16, 16 ], "texture": "#front", "cullface": "east" },
                "west": { "uv": [ 0, 0, 16, 16 ], "texture": "#bottom", "cullface": "west" },
                "north":  { "uv": [ 0, 0, 16, 16 ], "texture": "#side", "cullface": "north" },
                "south":  { "uv": [ 0, 0, 16, 16 ], "texture": "#side", "cullface": "south" }
            }
        }
    ]
}
