{
    "type": "command",
    "pools": [
        {
            "rolls": 1,
            "entries": [
                {
                    "type": "alternatives",
                    "children": [
                        {
                            "type": "item",
                            "name": "lime_stained_glass_pane",
                            "conditions": [
                                {
                                    "condition": "value_check",
                                    "value": {"target": {"name": "magic_occult","type": "fixed"},"type": "score","score": "calculator"},
                                    "range": {"min":1}
                                }
                            ],
                            "functions": [
                                {
                                    "function": "set_nbt",
                                    "tag": "{UISpaceHolder:1b,CustomModelData:2}"
                                },
                                {
                                    "function": "set_name",
                                    "entity": "this",
                                    "name": {"translate":"state","with":["I",{"translate":"对图腾的崇拜","color": "gold"}],"color": "green","italic": false}
                                },
                                {
                                    "function": "set_lore",
                                    "entity": "this",
                                    "lore": [
                                        "",
                                        {"translate":"unlocked"}
                                    ]
                                }
                            ]
                        },
                        {
                            "type": "item",
                            "name": "yellow_stained_glass_pane",
                            "functions": [
                                {
                                    "function": "set_nbt",
                                    "tag": "{ui:{id:\"magic\"},Enchantments:[{}],CustomModelData:2}"
                                },
                                {
                                    "function": "set_name",
                                    "entity": "this",
                                    "name": {"translate":"state","with":["I",{"translate":"对图腾的崇拜","color": "gold"}],"color": "green","italic": false}
                                },
                                {
                                    "function": "set_lore",
                                    "entity": "this",
                                    "lore": [
                                        "",
                                        {"translate":"price"},
                                        {"translate":"gold","with": [
                                            {
                                                "text": "§a 4"
                                            }
                                            ]},
                                            {"translate":"lapis","with": [
                                            {
                                                "text": "§a 4"
                                            }
                                            ]},
                                            {"translate":"iron","with": [
                                            {
                                                "text": "§a 4"
                                            }
                                            ]},
                                "",
                                {"translate":"to_unlock"},
                                {"translate":"mob+","color":"aqua"},
                                {"translate":"enchant","color":"aqua","italic": false},
                                {"translate":"beam+","color":"aqua","italic": false},
                                {"translate":"potions","color":"aqua","italic": false},
                                [{"text": "> ","color":"aqua","italic": false},{"translate":"阿涅摩伊的祝福-"}],
                                [{"text": "> ","color":"aqua","italic": false},{"translate":"显形祈祷","color":"aqua","italic": false}],
                                {"translate":"more...","color":"aqua","italic": false},
                                {"nbt":"text.buy","interpret": true,"storage":"game:shop"}
                                    ]
                                }
                            ]
                        }
                    ]
                }
            ]
        }
    ]
}