{
    "pools": [
        {
            "rolls": 1,
            "entries": [
                {
                    "type": "item",
                    "name": "paper"
                }
            ]
        }
    ],
    "functions": [
        {
            "function": "set_nbt","tag": "{ui:{id:'magic'},CustomModelData:1,display:{Name:'{\"translate\": \"magic_occult\",\"color\": \"green\",\"italic\": false,\"with\":[\"\"]}'}}"
        },
        {
            "function": "set_lore",
            "entity": "this",
            "lore": ["",{"translate":"魔法与神秘","color": "gray","italic": false},
                    {"translate":"方面的演化1","color": "gray","italic": false},
                    {"translate":"升级以解锁关于魔法，","color": "gray","italic": false},
                    {"translate":"附魔，酿造等方面的商品","color": "gray","italic": false},
                    {"translate":"2级后每级还会增加水晶数量","color": "gray","italic": false},""]
        },
        {
            "function": "set_lore",
            "entity": "this",
            "lore": [ [{"translate":"演化: ","color": "gold","italic": false},{"text": "∅ → I"}]
                ,{"translate":"price"},
            {"translate":"gold","with": [
            {
                "text": "§a 4"
            }
            ]},
            {"translate":"lapis","with": [
            {
                "text": "§a 4"
            }
            ]},
            {"translate":"iron","with": [
            {
                "text": "§a 2"
            }
            ]},
            {"translate":"点击购买","color":"yellow","italic": false}],
            "replace": false,
            "conditions": [
                {
                    "condition": "value_check",
                    "value": {"type": "score","score": "calculator","target": {"type": "fixed","name": "magic_occult"}},
                    "range": 0
                }
            ]
        },
        {
            "function": "set_lore",
            "entity": "this",
            "lore": [ [{"translate":"演化: ","color": "gold","italic": false},{"text": "I → II"}]
                ,{"translate":"price"},
            {"translate":"gold","with": [
            {
                "text": "§a 6"
            }
            ]},
            {"translate":"lapis","with": [
            {
                "text": "§a 4"
            }
            ]},
            {"translate":"diamond","with": [
            {
                "text": "§a 4"
            }
            ]},
            {"translate":"copper","with": [
            {
                    "text": "§a 4"
            }
            ]},
            {"translate":"点击购买","color":"yellow","italic": false}],
            "replace": false,
            "conditions": [
                {
                    "condition": "value_check",
                    "value": {"type": "score","score": "calculator","target": {"type": "fixed","name": "magic_occult"}},
                    "range": 1
                }
            ]
        },
        {
            "function": "set_lore",
            "entity": "this",
            "lore": [ [{"translate":"演化: ","color": "gold","italic": false},{"text": "II → III"}]
                ,{"translate":"price"},
            {"translate":"gold","with": [
            {
                "text": "§a 12"
            }
            ]},
            {"translate":"lapis","with": [
            {
                "text": "§a 12"
            }
            ]},
            {"translate":"diamond","with": [
            {
                "text": "§a 12"
            }
            ]},
            {"translate":"netherite","with": [
                [" ",
            {
                "score": {"name": "techNetherite","objective": "calculator"},
                "color": "dark_red","italic":false
            }
            ]
            ]},
            {"translate":"点击购买","color":"yellow","italic": false}],
            "replace": false,
            "conditions": [
                {
                    "condition": "value_check",
                    "value": {"type": "score","score": "calculator","target": {"type": "fixed","name": "magic_occult"}},
                    "range": 2
                }
            ]
        },
        {
            "function": "set_lore",
            "entity": "this",
            "lore": [[{"translate":"演化: ","color": "gold","italic": false},{"text": "III"},{"text":" (Max)"}],
            {"translate":"已经满级!","color":"red","italic": false}],
            "replace": false,
            "conditions": [
                {
                    "condition": "value_check",
                    "value": {"type": "score","score": "calculator","target": {"type": "fixed","name": "magic_occult"}},
                    "range": {
                        "min": 3
                    }
                }
            ]
        },
        {
            "function": "copy_nbt",
            "source": {
                "type": "storage",
                "source": "run"
            },
            "ops": [
                {
                    "source": "ModelData",
                    "target": "CustomModelData",
                    "op": "replace"
                }
            ]
        }
    ]
}