{
    "type": "command",
    "pools": [
        {
            "rolls": 1,
            "entries": [
                {
                    "type": "alternatives",
                    "children": [
                        {
                            "type": "item",
                            "name": "paper",
                            "functions": [
                                {
                                    "function": "set_nbt",
                                    "tag": "{CustomModelData:1003,UISpaceHolder:1b}"
                                },
                                {
                                    "function": "set_name",
                                    "entity": "this",
                                    "name": {"translate":"反胃退散","color": "gold","italic": false}
                                },
                                {
                                    "function": "set_lore",
                                    "entity": "this",
                                    "lore": [
                                        "",
                                        {"translate":"使你的队伍不受反胃效果影响","color": "gray","italic": false},
                                        "",
                                        {"translate":"已经购买","color": "gold","italic": false}
                                    ]
                                }
                            ],
                            "conditions": [
                                {
                                    "condition": "value_check",
                                    "value": {
                                        "type": "score",
                                        "target": {
                                            "type": "fixed",
                                            "name": "no_nausea"
                                        },
                                        "score": "calculator"
                                    },
                                    "range": {
                                        "min": 1
                                    }
                                }
                            ]
                        },
                        {
                            "type": "item",
                            "name": "paper",
                            "functions": [
                                {
                                    "function": "set_nbt",
                                    "tag": "{CustomModelData:1003,ui:{id:'no_nausea'}}"
                                },
                                {
                                    "function": "set_name",
                                    "entity": "this",
                                    "name": {"translate":"反胃退散","color": "green","italic": false}
                                },
                                {
                                    "function": "set_lore",
                                    "entity": "this",
                                    "lore": [
                                        "",
                                        {"translate":"使你的队伍不受反胃效果影响","color": "gray","italic": false},
                                        "",
                                        {"translate":"price"},
                                        {"translate":"gold","with": [
                                            {
                                                "text": "§a6"
                                            }
                                        ]},
                                        {"translate":"lapis","with": [
                                            {
                                                "text": "§a6"
                                            }
                                        ]},
                                        {"translate":"diamond","with": [
                                            {
                                                "text": "§a6"
                                            }
                                        ]},
                                        {"nbt":"text.select","interpret": true,"storage":"game:shop"}
                                    ]
                                }
                            ],
                            "conditions": [
                                {
                                    "condition": "value_check",
                                    "value": {
                                        "type": "score",
                                        "target": {"type": "fixed","name": "magic_occult"},
                                        "score": "calculator"
                                    },
                                    "range": {
                                        "min" : 3
                                    }
                                }
                            ]
                        },
                        {
                            "type": "item",
                            "name": "paper",
                            "functions": [
                                {
                                    "function": "set_nbt",
                                    "tag": "{CustomModelData:1003,ui:{id:'need_tcho'}}"
                                },
                                {
                                    "function": "set_name",
                                    "entity": "this",
                                    "name": {"translate":"反胃退散","color": "red","italic": false}
                                },
                                {
                                    "function": "set_lore",
                                    "entity": "this",
                                    "lore": [
                                        "",
                                        {"translate":"使你的队伍不受反胃效果影响","color": "gray","italic": false},
                                        "",
                                        {"translate":"need_tcho"},
                                        {"translate":"magic_occult","color":"gray","italic":false,"with": [
                                            {
                                                "text": " III"
                                            }
                                        ]},
                                        {"translate":"locked"}
                                    ]
                                }
                            ]
                        }
                    ]
                }
            ]
        }
    ]
}