{
    "type": "command",
    "pools": [
        {
            "rolls": 1,
            "entries": [
                {
                    "type": "alternatives",
                    "children": [
                        {
                            "type": "item",
                            "name": "book",
                            "functions": [
                                {
                                    "function": "set_name",
                                    "entity": "this",
                                    "name": [{"translate":"全队锋利**附魔","color": "gold","italic": false}]
                                },
                                {
                                    "function": "set_lore",
                                    "entity": "this",
                                    "lore": [
                                        "",
                                        {"translate":"最高等级！","color": "gray","italic": false}
                                    ]
                                },
                                {
                                    "function": "set_nbt",
                                    "tag": "{UISpaceHolder:1b,CustomModelData:4}"
                                }
                            ],
                            "conditions": [
                                {
                                    "condition": "value_check",
                                    "value": {
                                        "type": "score",
                                        "target": {"type": "fixed","name": "sharpness"},
                                        "score": "calculator"
                                    },
                                    "range": {
                                        "min" : 2
                                    }
                                }
                            ]
                        },
                        {
                            "type": "item",
                            "name": "book",
                            "functions": [
                                {
                                    "function": "set_name",
                                    "entity": "this",
                                    "name": [{"translate":"全队锋利附魔","color": "green","italic": false,"with": [
                                        {
                                            "text": "§dII"
                                        }
                                    ]}]
                                },
                                {
                                    "function": "set_lore",
                                    "entity": "this",
                                    "lore": [
                                        "",
                                        {"translate":"为剑与斧添加锋利","with": [
                                            {
                                                "text": "II"
                                            }
                                        ],"color": "gray","italic": false},
                                        "",
                                        {"translate":"price"},
                                        {"translate":"dirt","with": [
                                            {
                                                "text": "§a 24"
                                            }
                                        ]},
                                        {"translate":"iron","with": [
                                            {
                                                "text": "§a 12"
                                            }
                                        ]},
                                        {"translate":"lapis","with": [
                                            {
                                                "text": "§a 3"
                                            }
                                        ]},
                                        {"nbt":"text.buy","interpret": true,"storage":"game:shop"}
                                    ]
                                },
                                {
                                    "function": "set_nbt",
                                    "tag": "{ui:{id:'sharpness'},CustomModelData:2}"
                                }
                            ],
                            "conditions": [
                                {
                                    "condition": "value_check",
                                    "value": {
                                        "type": "score",
                                        "target": {"type": "fixed","name": "magic_occult"},
                                        "score": "calculator"
                                    },
                                    "range": {
                                        "min" : 3
                                    }
                                },
                                {
                                    "condition": "value_check",
                                    "value": {
                                        "type": "score",
                                        "target": {"type": "fixed","name": "sharpness"},
                                        "score": "calculator"
                                    },
                                    "range": {
                                        "min" : 1
                                    }
                                }
                            ]
                        },
                        {
                            "type": "item",
                            "name": "book",
                            "functions": [
                                {
                                    "function": "set_name",
                                    "entity": "this",
                                    "name": [{"translate":"全队锋利附魔","color": "red","italic": false,"with": [
                                        {
                                            "text": "II"
                                        }
                                    ]}]
                                },
                                {
                                    "function": "set_lore",
                                    "entity": "this",
                                    "lore": [
                                        "",
                                        {"translate":"为剑与斧添加锋利","color": "gray","italic": false,"with": [
                                            {
                                                "text": "II"
                                            }
                                        ]},
                                        "",
                                        {"translate":"need_tcho"},
                                        {"translate":"magic_occult","color":"gray","italic":false,"with": [
                                            {
                                                "text": " III"
                                            }
                                        ]},
                                        "",
                                        {
                                            "translate":"locked"
                                        }
                                    ]
                                },
                                {
                                    "function": "set_nbt",
                                    "tag": "{ui:{id:'need_tcho'},CustomModelData:2}"
                                }
                            ],
                            "conditions": [{
                                "condition": "value_check",
                                "value": {
                                    "type": "score",
                                    "target": {"type": "fixed","name": "sharpness"},
                                    "score": "calculator"
                                },
                                "range": {
                                    "min" : 1
                                }
                            }]
                        },

                        {
                            "type": "item",
                            "name": "book",
                            "functions": [
                                {
                                    "function": "set_name",
                                    "entity": "this",
                                    "name": [{"translate":"全队锋利附魔","color": "green","italic": false,"with": [
                                        {
                                            "text": "§dI"
                                        }
                                    ]}]
                                },
                                {
                                    "function": "set_lore",
                                    "entity": "this",
                                    "lore": [
                                        "",
                                        {"translate":"为剑与斧添加锋利","color": "gray","italic": false,"with": [
                                            {
                                                "text": "I"
                                            }
                                        ]},
                                        "",
                                        {"translate":"price"},
                                        {"translate":"dirt","with": [
                                            {
                                                "text": "§a 10"
                                            }
                                        ]},
                                        {"translate":"iron","with": [
                                            {
                                                "text": "§a 3"
                                            }
                                        ]},
                                        {"translate":"lapis","with": [
                                            {
                                                "text": "§a 1"
                                            }
                                        ]},
                                        {"nbt":"text.buy","interpret": true,"storage":"game:shop"}
                                    ]
                                },
                                {
                                    "function": "set_nbt",
                                    "tag": "{ui:{id:'sharpness'},CustomModelData:1}"
                                }
                            ],
                            "conditions": [
                                {
                                    "condition": "value_check",
                                    "value": {
                                        "type": "score",
                                        "target": {"type": "fixed","name": "magic_occult"},
                                        "score": "calculator"
                                    },
                                    "range": {
                                        "min" :1
                                    }
                                }
                            ]
                        },
                        {
                            "type": "item",
                            "name": "book",
                            "functions": [
                                {
                                    "function": "set_name",
                                    "entity": "this",
                                    "name": [{"translate":"全队锋利附魔","color": "red","italic": false,"with": [
                                        {
                                            "text": "I"
                                        }
                                    ]}]
                                },
                                {
                                    "function": "set_lore",
                                    "entity": "this",
                                    "lore": [
                                        "",
                                        {"translate":"为剑与斧添加锋利","color": "gray","italic": false,"with": [
                                            {
                                                "text": "I"
                                            }
                                        ]},
                                        "",
                                        {"translate":"need_tcho"},
                                        {"translate":"magic_occult","color":"gray","italic":false,"with": [
                                            {
                                                "text": " I"
                                            }
                                        ]},
                                        "",
                                        {
                                            "translate":"locked"
                                        }
                                    ]
                                },
                                {
                                    "function": "set_nbt",
                                    "tag": "{ui:{id:'need_tcho'},CustomModelData:1}"
                                }
                            ],
                            "conditions": []
                        }
                    ]
                }
            ]
        }
    ]
}