{
    "pools": [
        {
            "rolls": 1,
            "entries": [
                {
                    "type": "alternatives",
                    "children": [
                        {
                            "type": "item",
                            "name": "elytra",
                            "functions": [
                                {
                                    "function": "set_nbt",
                                    "tag": "{ui:{id:4b},CustomModelData:1,display:{Name:'{\"translate\":\"阿涅摩伊的祝福\",\"color\":\"aqua\",\"italic\":false}'}}"
                                },
                                {
                                    "function": "set_lore",
                                    "entity": "this",
                                    "lore": [
                                        "",
                                        {"translate":"提高所有友方单位","color": "gray","italic": false},
                                        {"translate":"包括玩家和怪物","color": "gray","italic": false},
                                        {"translate":"的攻速的移速","color": "gray","italic": false},
                                        {"translate":"根据进化等级持续90~120秒","color": "gray","italic": false},
                                        "",
                                        {"translate":"price"},
                                        {"translate":"gold","with": [
                                            {
                                                "text": "§a12"
                                            }
                                        ]},
                                        {"translate":"lapis","with": [
                                            {
                                                "text": "§a8"
                                            }
                                        ]},
                                        {"translate":"diamond","with": [
                                            {
                                                "text": "§a2"
                                            }
                                        ]},
                                        {"nbt":"text.select","interpret": true,"storage":"game:shop"}
                                    ]
                                }
                            ],
                            "conditions": [
                                {
                                    "condition": "value_check",
                                    "value": {"type": "score","target": {"type": "fixed","name": 
                                        "magic_occult"},"score": "calculator"},"range": {
                                        "min" : 3
                                    }
                                }
                            ]
                        },
                        {
                            "type": "item",
                            "name": "elytra",
                            "functions": [
                                {
                                    "function": "set_nbt",
                                    "tag": "{ui:{id:4b},CustomModelData:1,display:{Name:'{\"translate\":\"阿涅摩伊的祝福\",\"color\":\"aqua\",\"italic\":false}'}}"
                                },
                                {
                                    "function": "set_lore",
                                    "entity": "this",
                                    "lore": [
                                        "",
                                        {"translate":"提高所有友方单位","color": "gray","italic": false},
                                        {"translate":"包括玩家和怪物","color": "gray","italic": false},
                                        {"translate":"的攻速的移速","color": "gray","italic": false},
                                        {"translate":"根据进化等级持续90~120秒","color": "gray","italic": false},
                                        "",
                                        {"translate":"uptt"},
                                        "",
                                        {"translate":"price"},
                                        {"translate":"gold","with": [
                                            {
                                                "text": "§a12"
                                            }
                                        ]},
                                        {"translate":"lapis","with": [
                                            {
                                                "text": "§a8"
                                            }
                                        ]},
                                        {"translate":"diamond","with": [
                                            {
                                                "text": "§a2"
                                            }
                                        ]},
                                        {"nbt":"text.select","interpret": true,"storage":"game:shop"}
                                    ]
                                }
                            ],
                            "conditions": [
                                {
                                    "condition": "value_check",
                                    "value": {"type": "score","target": {"type": "fixed","name": 
                                        "magic_occult"},"score": "calculator"},"range": {
                                        "min" : 1
                                    }
                                }
                            ]
                        },
                        {
                            "type": "item",
                            "name": "elytra",
                            "functions": [
                                {
                                    "function": "set_nbt",
                                    "tag": "{ui:{id:'need_tcho'},CustomModelData:1,display:{Name:'{\"translate\":\"阿涅摩伊的祝福\",\"color\":\"aqua\",\"italic\":false}'}}"
                                },
                                {
                                    "function": "set_lore",
                                    "entity": "this",
                                    "lore": [
                                        "",
                                        {"translate":"提高所有友方单位","color": "gray","italic": false},
                                        {"translate":"包括玩家和怪物","color": "gray","italic": false},
                                        {"translate":"的攻速的移速","color": "gray","italic": false},
                                        {"translate":"根据进化等级持续90~120秒","color": "gray","italic": false},
                                        "",
                                        {"translate":"need_tcho"},
                                        {"translate":"magic_occult","italic": false,"color":"gray","with": [
                                            {
                                                "text": " I"
                                            }
                                        ]},
                                        {"translate":"locked"}
                                    ]
                                }
                            ]
                        }
                    ]
                }
            ]
        }
    ]
}