{
    "type": "command",
    "pools": [
        {
            "rolls": 1,
            "entries": [
                {
                    "type": "item",
                    "name": "tipped_arrow",
                    "functions": [
                        {
                            "function": "set_nbt",
                            "tag": "{CustomModelData:402,custom_potion_effects:[{id:'minecraft:hero_of_the_village',amplifier:4b},{id:'minecraft:unluck',amplifier:2b}],display:{Name:'{\"translate\": \"闪电苦力怕\",\"color\": \"green\",\"italic\": false}'},CustomPotionColor:3014627,HideFlags:40,CanDestroy:[\"#game:breakable\"]}"
                        },
                        {
                            "function": "set_count",
                            "count": 2,
                            "add": false
                        },
                        {
                            "function":"set_count",
                            "count": {
                                "type": "binomial",
                                "n": 1,
                                "p": 0.2
                            },
                            "add":true
                        }
                    ]
                }
            ]
        }
    ]
}