{
    "type": "command",
    "pools": [
        {
            "rolls": 1,
            "entries": [
                {
                    "type": "item",
                    "name": "slime_ball",
                    "functions": [
                        {
                            "function": "set_nbt",
                            "tag": "{CustomModelData:18890,gameItem:{id:\"repair_tool\"},CanDestroy:[\"#game:breakable\"],HideFlags:8}"
                        },
                        {
                            "function": "set_name",
                            "name": {"translate":"item.repair_tool","color": "aqua","italic": false}
                        },
                        {
                            "function": "set_lore",
                            "lore": [
                                "",
                                {"translate":"item.repair_tool.lore.1","color":"gray","italic":false},
                                {"translate":"item.repair_tool.lore.2","color":"gray","italic":false},
                                {"translate":"use.drop","color":"yellow","italic":false}
                            ]
                        }
                    ]
                }
            ]
        }
    ]
}