{
    "type": "command",
    "pools": [
        {
            "rolls": 1,
            "entries": [
                {
                    "type": "alternatives",
                    "children": [
                        {
                            "type": "item",
                            "name": "netherite_axe",
                            "conditions": [
                                {
                                    "condition": "value_check",
                                    "value": {
                                        "type": "score",
                                        "target": "this",
                                        "score": "axe"
                                    },
                                    "range": 5
                                }
                            ],
                            "functions": [
                                {
                                    "function": "set_nbt",
                                    "tag": "{ui:{id:'axe'},HideFlags:127,CustomModelData:1}"
                                },
                                {
                                    "function": "set_name",
                                    "entity": "this",
                                    "name": {"translate":"升级斧","color": "green","italic": false}
                                },
                                {
                                    "function": "set_lore",
                                    "entity": "this",
                                    "lore": [
                                        "",
                                        {"translate":"将斧升级到","color": "gray","italic": false},
                                        {"translate":"更高级的材质","color": "gray","italic": false},
                                        {
                                            "translate":"已经满级！","color": "red","italic": false 
                                        }
                                    ]
                                }
                            ]
                        },
                        {
                            "type": "item",
                            "name": "diamond_axe",
                            "conditions": [
                                {
                                    "condition": "value_check",
                                    "value": {
                                        "type": "score",
                                        "target": "this",
                                        "score": "axe"
                                    },
                                    "range": 4
                                },
                                {
                                    "condition": "any_of",
                                    "terms": [
                                        {"condition": "value_check","value": {"type": "score","target":{"type": "fixed","name": "science_techno"},"score": "calculator"},
                                        "range": {"max": 2}},
                                        {"condition": "value_check","value": {"type": "score","target":{"type": "fixed","name": "society_populate"},"score": "calculator"},
                                        "range": {"max": 2}}
                                    ]
                                }
                            ],
                            "functions": [
                                {
                                    "function": "set_nbt",
                                    "tag": "{ui:{id:'need_tcho'},HideFlags:127,CustomModelData:1}"
                                },
                                {
                                    "function": "set_name",
                                    "entity": "this",
                                    "name": {"translate":"升级斧","color": "red","italic": false}
                                },
                                {
                                    "function": "set_lore",
                                    "entity": "this",
                                    "lore": [
                                        "",
                                        {"translate":"将斧升级到","color": "gray","italic": false},
                                        {"translate":"更高级的材质","color": "gray","italic": false},
                                        "",
                                        {"translate":"need_tcho"},
                                        {"translate":"society_populate","color":"gray","italic": false,"with": [
                                            {
                                                "text": " III"
                                            }
                                        ]},
                                        {"translate":"science_techno","color":"gray","italic": false,"with": [
                                            {
                                                "text": " III"
                                            }
                                        ]},
                                        {
                                            "translate":"locked","color": "red","italic": false 
                                        }
                                    ]
                                }]
                        },
                        {
                            "type": "item",
                            "name": "diamond_axe",
                            "conditions": [
                                {
                                    "condition": "value_check",
                                    "value": {
                                        "type": "score",
                                        "target": "this",
                                        "score": "axe"
                                    },
                                    "range": 4
                                }
                            ],
                            "functions": [
                                {
                                    "function": "set_nbt",
                                    "tag": "{ui:{id:'axe'},HideFlags:127,CustomModelData:1}"
                                },
                                {
                                    "function": "set_name",
                                    "entity": "this",
                                    "name": {"translate":"升级斧","color": "green","italic": false}
                                },
                                {
                                    "function": "set_lore",
                                    "entity": "this",
                                    "lore": [
                                        "",
                                        {"translate":"将斧升级到","color": "gray","italic": false},
                                        {"translate":"更高级的材质","color": "gray","italic": false},
                                        {"translate":"price"},
                                        {"translate":"gold","with": [
                                        {
                                            "text": "§a10"
                                        }
                                        ]},
                                        {"translate":"diamond","with": [
                                        {
                                            "text": "§a8"
                                        }
                                        ]},
                                        {"translate":"netherite","with": [
                                        {
                                            "text": "§a2"
                                        }
                                        ]},
                                        {
                                            "translate":"点击选择","color": "yellow","italic": false 
                                        }
                                    ]
                                }]
                        },
                        {
                            "type": "item",
                            "name": "iron_axe",
                            "conditions": [
                                {
                                    "condition": "value_check",
                                    "value": {
                                        "type": "score",
                                        "target": "this",
                                        "score": "axe"
                                    },
                                    "range": 3
                                },
                                {"condition": "value_check","value": {"type": "score","target":{"type": "fixed","name": "science_techno"},"score": "calculator"},
                                "range": {"min": 1}},
                                {"condition": "value_check","value": {"type": "score","target":{"type": "fixed","name": "society_populate"},"score": "calculator"},
                                "range": {"min": 1}}
                            ],
                            "functions": [
                                {
                                    "function": "set_nbt",
                                    "tag": "{ui:{id:'axe'},HideFlags:127,CustomModelData:1}"
                                },
                                {
                                    "function": "set_name",
                                    "entity": "this",
                                    "name": {"translate":"升级斧","color": "green","italic": false}
                                },
                                {
                                    "function": "set_lore",
                                    "entity": "this",
                                    "lore": [
                                        "",
                                        {"translate":"将斧升级到","color": "gray","italic": false},
                                        {"translate":"更高级的材质","color": "gray","italic": false},
                                        {"translate":"price"},
                                        {"translate":"dirt","with": [
                                        {
                                            "text": "§a10"
                                        }
                                        ]},
                                        {"translate":"diamond","with": [
                                        {
                                            "text": "§a8"
                                        }
                                        ]},
                                        {
                                            "translate":"点击选择","color": "yellow","italic": false 
                                        }
                                    ]
                                }]
                        },
                        {
                            "type": "item",
                            "name": "iron_axe",
                            "conditions": [
                                {
                                    "condition": "value_check",
                                    "value": {
                                        "type": "score",
                                        "target": "this",
                                        "score": "axe"
                                    },
                                    "range": 3
                                }
                            ],
                            "functions": [
                                {
                                    "function": "set_nbt",
                                    "tag": "{ui:{id:'need_tcho'},HideFlags:127,CustomModelData:1}"
                                },
                                {
                                    "function": "set_name",
                                    "entity": "this",
                                    "name": {"translate":"升级斧","color": "red","italic": false}
                                },
                                {
                                    "function": "set_lore",
                                    "entity": "this",
                                    "lore": [
                                        "",
                                        {"translate":"将斧升级到","color": "gray","italic": false},
                                        {"translate":"更高级的材质","color": "gray","italic": false}
                                    ]
                                },
                                {
                                    "function": "set_lore",
                                    "entity": "this",
                                    "lore": ["",
                                        {"translate":"need_tcho"},
                                        {"translate":"society_populate","color":"gray","italic":false,"with": [
                                            {
                                                "text": " I"
                                            }
                                        ]},
                                        {"translate":"science_techno","color":"gray","italic":false,"with": [
                                            {
                                                "text": " I"
                                            }
                                        ]},
                                        {
                                            "translate":"locked","color": "red","italic": false 
                                        }
                                    ]
                                }
                            ]
                        },
                        {
                            "type": "item",
                            "name": "stone_axe",
                            "conditions": [
                                {
                                    "condition": "value_check",
                                    "value": {
                                        "type": "score",
                                        "target": "this",
                                        "score": "axe"
                                    },
                                    "range": 2
                                }
                            ],
                            "functions": [
                                {
                                    "function": "set_nbt",
                                    "tag": "{ui:{id:'axe'},HideFlags:127,CustomModelData:1}"
                                },
                                {
                                    "function": "set_name",
                                    "entity": "this",
                                    "name": {"translate":"升级斧","color": "green","italic": false}
                                },
                                {
                                    "function": "set_lore",
                                    "entity": "this",
                                    "lore": [
                                        "",
                                        {"translate":"将斧升级到","color": "gray","italic": false},
                                        {"translate":"更高级的材质","color": "gray","italic": false},
                                        {"translate":"price"},
                                        {"translate":"iron","with": [
                                        {
                                            "text": "§a10"
                                        }
                                        ]},
                                        {
                                            "translate":"点击选择","color": "yellow","italic": false 
                                        }
                                    ]
                                }]
                        },
                        {
                            "type": "item",
                            "name": "wooden_axe",
                            "functions": [
                                {
                                    "function": "set_nbt",
                                    "tag": "{ui:{id:'axe'},HideFlags:127,CustomModelData:1}"
                                },
                                {
                                    "function": "set_name",
                                    "entity": "this",
                                    "name": {"translate":"升级斧","color": "green","italic": false}
                                },
                                {
                                    "function": "set_lore",
                                    "entity": "this",
                                    "lore": [
                                        "",
                                        {"translate":"将斧升级到","color": "gray","italic": false},
                                        {"translate":"更高级的材质","color": "gray","italic": false},
                                        {"translate":"price"},
                                        {"translate":"dirt","with": [
                                            {
                                                "text": "§a10"
                                            }
                                        ]},
                                        {
                                            "translate":"点击选择","color": "yellow","italic": false 
                                        }
                                    ]
                                }]
                        }
                    ]
                }
            ]
        }
    ]
}