{
    "type": "command",
    "pools": [
        {
            "rolls": 1,
            "entries": [
                {
                    "type": "alternatives",
                    "children": [
                        {
                            "type": "loot_table",
                            "name": "ui:background",
                            "conditions":[
                                {
                                    "condition": "inverted",
                                    "term": {
                                        "condition": "value_check",
                                        "value": {
                                            "type": "score",
                                            "target": {
                                                "type": "fixed",
                                                "name": "GameMode"
                                            },
                                            "score": "Data"
                                        },
                                        "range": 2
                                    }
                                }
                                
                            ]
                        },
                        {
                            "type": "item",
                            "name": "warped_fungus_on_a_stick",
                            "functions": [
                                {
                                    "function": "set_nbt",
                                    "tag": "{ui:{id:'flare'},CustomModelData:7}"
                                }
                            ],
                            "conditions": [
                                {
                                    "condition": "entity_properties",
                                    "entity": "this",
                                    "predicate": {
                                        "team": "red"
                                    }
                                }
                            ]
                        },
                        {
                            "type": "item",
                            "name": "warped_fungus_on_a_stick",
                            "functions": [
                                {
                                    "function": "set_nbt",
                                    "tag": "{ui:{id:'flare'},CustomModelData:8}"
                                }
                            ]
                        }
                    ]
                }
            ],
            "functions": [
                {
                    "function": "set_name",
                    "entity": "this",
                    "name": {"translate":"item.flare","color": "green","italic": false}
                },
                {
                    "function": "set_lore",
                    "entity": "this",
                    "lore": [
                        "",
                        {"translate":"lore.flare.1"},
                        {"translate":"lore.flare.2"},
                        {"translate":"lore.flare.3"},
                        {"translate":"lore.flare.4"},
                        "",
                        {"translate":"price"},
                        {"translate":"dirt","with": [
                        {
                            "text": "§a 20"
                        }
                        ]},
                        {"translate":"diamond","with": [
                        {
                            "text": "§a 7"
                        }
                        ]},
                    {"translate":"点击购买","color": "yellow","italic": false}
                    ]
                }
            ],
            "conditions":[
                {
                    "condition": "value_check",
                    "value": {
                        "type": "score",
                        "target": {
                            "type": "fixed",
                            "name": "GameMode"
                        },
                        "score": "Data"
                    },
                    "range": 2
                }
                
            ]
        }
    ]
}