{
    "type": "command",
    "pools": [
        {
            "rolls": 1,
            "entries": [
                {
                    "type": "alternatives",
                    "children": [
                        {
                            "type": "item",
                            "name": "golden_apple",
                            "conditions": [
                                {
                                    "condition": "value_check",
                                    "value": {"type": "score","score": "calculator","target": {"type": "fixed","name": "society_populate"}},
                                    "range": {
                                        "min": 2
                                    }
                                }
                            ],
                            "functions":[
                                {
                                    "function": "set_nbt",
                                    "tag": "{ui:{id:'apple'},CustomModelData:1}"
                                },
                                {
                                    "function": "set_lore",
                                    "entity": "this",
                                    "lore": ["",{"translate":"price"},{"translate":"dirt","with": [
                                        {
                                            "text": "§a 9"
                                        }
                                    ]},
                                    {"translate":"gold","with": [
                                        {
                                            "text": "§a 5"
                                        }
                                    ]},{"translate":"点击购买","color": "yellow","italic": false}],
                                    "conditions": [
                                        {
                                            "condition": "value_check",
                                            "value": {"type": "score","score": "calculator","target": {"type": "fixed","name": "society_populate"}},
                                            "range": {
                                                "min": 2
                                            }
                                        }
                                    ]
                                },
                                {
                                    "function": "set_lore",
                                    "entity": "this",
                                    "lore": ["",{"translate":"price"},
                                        {"translate":"dirt","with": [
                                        {
                                            "text": "§a 6"
                                        }
                                        ]},
                                        {"translate":"gold","with": [
                                        {
                                            "text": "§a 5"
                                        }
                                        ]},
                                    {"translate":"点击购买","color": "yellow","italic": false}],
                                    "conditions": [
                                        {
                                            "condition": "value_check",
                                            "value": {"type": "score","score": "calculator","target": {"type": "fixed","name": "society_populate"}},
                                            "range": {
                                                "min": 3
                                            }
                                        }
                                    ],
                                    "replace": true
                                }
                            ]
                        },
                        {
                            "type": "item",
                            "name": "gray_dye",
                            "functions": [
                                {
                                    "function": "set_nbt",
                                    "tag": "{ui:{id:\"need_tcho\"},display:{Name:'{\"text\":\"???\",\"color\": \"red\",\"italic\": false}'}}"
                                },
                                {
                                    "function": "set_lore",
                                    "entity": "this",
                                    "lore": ["",{"translate":"need_tcho"},{"translate":"society_populate","with":[" II"],"color": "gray","italic": false},"",
                                        {"translate":"locked"}]
                                }
                            ]
                        }
                    ]
                }
            ]
        }
    ]
}