{
    "type": "command",
    "pools": [
        {
            "rolls": 1,
            "entries": [
                {
                    "type": "alternatives",
                    "children": [
                        {
                            "type": "item",
                            "name": "netherite_pickaxe",
                            "conditions": [
                                {
                                    "condition": "entity_scores",
                                    "entity": "this",
                                    "scores": {
                                        "pickaxe" : 3
                                    }
                                }
                            ],
                            "functions": [
                                {
                                    "function": "set_nbt",
                                    "tag": "{UISpaceHolder:1b,HideFlags:127,CustomModelData:1}"
                                },
                                {
                                    "function": "set_name",
                                    "entity": "this",
                                    "name": {"translate":"升级镐","color": "green","italic": false}
                                },
                                {
                                    "function": "set_lore",
                                    "entity": "this",
                                    "lore": [
                                        "",
                                        {"translate":"将镐子升级到","color": "gray","italic": false},
                                        {"translate":"更高级的材质","color": "gray","italic": false},
                                        {
                                            "translate":"已经满级！","color": "red","italic": false 
                                        }
                                    ]
                                }
                            ]
                        },
                        {
                            "type": "item",
                            "name": "diamond_pickaxe",
                            "functions": [
                                {
                                    "function": "set_nbt",
                                    "tag": "{ui:{id:'pickaxe'},HideFlags:127,CustomModelData:1}"
                                },
                                {
                                    "function": "set_name",
                                    "entity": "this",
                                    "name": {"translate":"升级镐","color": "green","italic": false}
                                },
                                {
                                    "function": "set_lore",
                                    "entity": "this",
                                    "replace": true,
                                    "lore": [
                                        "",
                                        {"translate":"将镐子升级到","color": "gray","italic": false},
                                        {"translate":"更高级的材质","color": "gray","italic": false},
                                        "",
                                        {"translate":"price"},
                                        {"translate":"dirt","with": [
                                        {
                                            "text": "§a24"
                                        }
                                        ]},
                                        {"translate":"gold","with": [
                                        {
                                            "text": "§a7"
                                        }
                                        ]},
                                        {"translate":"diamond","with": [
                                        {
                                            "text": "§a8"
                                        }
                                        ]},
                                        {"translate":"netherite","with": [
                                        {
                                            "text": "§a2"
                                        }
                                        ]},
                                        {
                                            "translate":"点击选择","color": "yellow","italic": false 
                                        }
                                    ]
                                }
                            ],
                            "conditions": [
                                {
                                    "condition": "value_check",
                                    "value": {"type": "score","score": "calculator","target": {"type": "fixed","name": "science_techno"}},
                                    "range": {"min":3}
                                },
                                {
                                    "condition": "value_check",
                                    "value": {"type": "score","score": "calculator","target": {"type": "fixed","name": "society_populate"}},
                                    "range": {"min":3}
                                },
                                {
                                    "condition": "entity_scores",
                                    "entity": "this",
                                    "scores": {
                                        "pickaxe" : 2
                                    }
                                }
                            ]
                        },
                        {
                            "type": "item",
                            "name": "diamond_pickaxe",
                            "conditions": [
                                {
                                    "condition": "entity_scores",
                                    "entity": "this",
                                    "scores": {
                                        "pickaxe" : 2
                                    }
                                }
                            ],
                            "functions": [
                                {
                                    "function": "set_nbt",
                                    "tag": "{ui:{id:'need_tcho'},HideFlags:127,CustomModelData:1}"
                                },
                                {
                                    "function": "set_name",
                                    "entity": "this",
                                    "name": {"translate":"升级镐","color": "red","italic": false}
                                },
                                {
                                    "function": "set_lore",
                                    "entity": "this",
                                    "replace": true,
                                    "lore": [
                                        "",
                                        {"translate":"将镐子升级到","color": "gray","italic": false},
                                        {"translate":"更高级的材质","color": "gray","italic": false},
                                        "",
                                        {"translate":"need_tcho"},
                                        {"translate":"society_populate","color":"gray","italic": false,"with": [
                                            {
                                                "text": " III"
                                            }
                                        ]},
                                        {"translate":"science_techno","color":"gray","italic": false,"with": [
                                            {
                                                "text": " III"
                                            }
                                        ]},
                                        {
                                            "translate":"locked","color": "red","italic": false 
                                        }
                                    ]
                                }
                            ]
                        },
                        {
                            "type": "item",
                            "name": "iron_pickaxe",
                            "functions": [
                                {
                                    "function": "set_nbt",
                                    "tag": "{ui:{id:'pickaxe'},HideFlags:127,CustomModelData:5}"
                                },
                                {
                                    "function": "set_name",
                                    "entity": "this",
                                    "name": {"translate":"升级镐","color": "green","italic": false}
                                },
                                {
                                    "function": "set_lore",
                                    "entity": "this",
                                    "replace": true,
                                    "lore": [
                                        "",
                                        {"translate":"将镐子升级到","color": "gray","italic": false},
                                        {"translate":"更高级的材质","color": "gray","italic": false},
                                        "",
                                        {"translate":"price"},
                                        {"translate":"dirt","with": [
                                        {
                                            "text": "§a10"
                                        }
                                        ]},
                                        {"translate":"diamond","with": [
                                        {
                                            "text": "§a7"
                                        }
                                        ]},
                                        {
                                            "translate":"点击选择","color": "yellow","italic": false 
                                        }
                                    ]
                                }
                            ],
                            "conditions": [
                                {
                                    "condition": "value_check",
                                    "value": {"type": "score","score": "calculator","target": {"type": "fixed","name": "science_techno"}},
                                    "range": {"min":1}
                                },
                                {
                                    "condition": "value_check",
                                    "value": {"type": "score","score": "calculator","target": {"type": "fixed","name": "society_populate"}},
                                    "range": {"min":1}
                                }
                            ]
                        },
                        {
                            "type": "item",
                            "name": "iron_pickaxe",
                            "functions": [
                                {
                                    "function": "set_nbt",
                                    "tag": "{ui:{id:'need_tcho'},HideFlags:127,CustomModelData:5}"
                                },
                                {
                                    "function": "set_name",
                                    "entity": "this",
                                    "name": {"translate":"升级镐","color": "red","italic": false}
                                },
                                {
                                    "function": "set_lore",
                                    "entity": "this",
                                    "replace": true,
                                    "lore": [
                                        "",
                                        {"translate":"将镐子升级到","color": "gray","italic": false},
                                        {"translate":"更高级的材质","color": "gray","italic": false},
                                        "",
                                        {"translate":"need_tcho"},
                                        {"translate":"society_populate","color":"gray","italic": false,"with": [
                                            {
                                                "text": " I"
                                            }
                                        ]},
                                        {"translate":"science_techno","color":"gray","italic": false,"with": [
                                            {
                                                "text": " I"
                                            }
                                        ]},
                                        {
                                            "translate":"locked","color": "red","italic": false 
                                        }
                                    ]
                                }
                            ]
                        }
                    ]
                }
            ]
        }
    ]
}