{
    "pools": [
        {
            "rolls": 1,
            "entries": [
                {
                    "type": "alternatives",
                    "children": [
                        {
                            "type": "minecraft:loot_table",
                            "name": "game:item/repair_tool",
                            "functions": [
                                {
                                    "function":"set_nbt",
                                    "tag": "{CustomModelData: 18891,ui:{id:'repair'},HideFlags:127,gameItem:{id:\"null\"}}"
                                },
                                {
                                    "function": "set_lore",
                                    "entity": "this",
                                    "replace": false,
                                    "lore": [
                                        "",{"translate":"price"},{"translate":"copper","with": [
                                            {
                                                "text": "§a 10"
                                            }
                                        ]},
                                        {"translate":"iron","with": [
                                            {
                                                "text": "§a 12"
                                            }
                                        ]},{"translate":"点击购买","color": "yellow","italic": false}
                                    ]
                                }
                            ],
                            "conditions": [
                                {
                                    "condition": "value_check",
                                    "value": {"type": "score","score": "calculator","target": {"type": "fixed","name": "society_populate"}},
                                    "range": {
                                        "min": 1
                                    }
                                },
                                {
                                    "condition": "value_check",
                                    "value": {"type": "score","score": "calculator","target": {"type": "fixed","name": "science_techno"}},
                                    "range": {
                                        "min": 2
                                    }
                                }
                            ]
                        },
                        {
                            "type": "item",
                            "name": "gray_dye",
                            "functions": [
                                {
                                    "function": "set_nbt",
                                    "tag": "{ui:{id:\"need_tcho\"},display:{Name:'{\"text\":\"???\",\"color\": \"red\",\"italic\": false}'}}"
                                },
                                {
                                    "function": "set_lore",
                                    "entity": "this",
                                    "lore": ["",{"translate":"need_tcho"},{"translate":"science_techno","with":[" II"],"color": "gray","italic": false},{"translate":"society_populate","with":[" I"],"color": "gray","italic": false},"",
                                        {"translate":"locked"}]
                                }
                            ]
                        }
                    ]
                }
                
            ]
        }
    ]
}