{
    "type": "command",
    "pools": [
        {
            "rolls": 1,
            "entries": [
                {
                    "type": "alternatives",
                    "children": [
                        {
                            "type": "item",
                            "name": "apple",
                            "conditions": [
                                {
                                    "condition": "value_check",
                                    "value": {"type": "score","score": "calculator","target": {"type": "fixed","name": "society_populate"}},
                                    "range": {
                                        "min": 2
                                    }
                                }
                            ],
                            "functions":[
                                {
                                    "function": "set_nbt",
                                    "tag": "{ui:{id:'apple'},CustomModelData:1}"
                                },
                                {
                                    "function": "set_lore",
                                    "entity": "this",
                                    "lore": [
                                        {"translate":"item.shield_apple.lore.1","color": "gray","italic": false}
                                        ,"",{"translate":"price"},{"translate":"dirt","with": [
                                        {
                                            "text": "§a 12"
                                        }
                                    ]},
                                    {"translate":"diamond","with": [
                                        {
                                            "text": "§a 5"
                                        }
                                    ]},{"translate":"点击购买","color": "yellow","italic": false}]
                                },
                                {
                                    "function": "set_name",
                                    "entity": "this",
                                    "name": {"translate":"item.shield_apple","color": "aqua","italic": false}
                                }
                            ]
                        },
                        {
                            "type": "item",
                            "name": "gray_dye",
                            "functions": [
                                {
                                    "function": "set_nbt",
                                    "tag": "{ui:{id:\"need_tcho\"},display:{Name:'{\"text\":\"???\",\"color\": \"red\",\"italic\": false}'}}"
                                },
                                {
                                    "function": "set_lore",
                                    "entity": "this",
                                    "lore": ["",{"translate":"need_tcho"},{"translate":"society_populate","with":[" II"],"color": "gray","italic": false},"",
                                        {"translate":"locked"}]
                                }
                            ]
                        }
                    ]
                }
            ]
        }
    ]
}