{
    "type": "command",
    "pools": [
        {
            "rolls": 1,
            "entries": [
                {
                    "type": "alternatives",
                    "children": [
                        {
                            "type": "item",
                            "name": "lime_stained_glass_pane",
                            "conditions": [
                                {
                                    "condition": "value_check",
                                    "value": {"target": {"name": "science_techno","type": "fixed"},"type": "score","score": "calculator"},
                                    "range": {"min":1}
                                }
                            ],
                            "functions": [
                                {
                                    "function": "set_nbt",
                                    "tag": "{UISpaceHolder:1b,CustomModelData:2}"
                                },
                                {
                                    "function": "set_name",
                                    "entity": "this",
                                    "name": {"translate":"state","with":["I",{"translate":"铁器时代","color": "gold"}],"color": "green","italic": false}
                                },
                                {
                                    "function": "set_lore",
                                    "entity": "this",
                                    "lore": [
                                        "",
                                        {"translate":"unlocked"}
                                    ]
                                }
                            ]
                        },
                        {
                            "type": "item",
                            "name": "yellow_stained_glass_pane",
                            "functions": [
                                {
                                    "function": "set_nbt",
                                    "tag": "{ui:{id:\"science\"},Enchantments:[{}],CustomModelData:2}"
                                },
                                {
                                    "function": "set_name",
                                    "entity": "this",
                                    "name": {"translate":"state","with":["I",{"translate":"铁器时代","color": "gold"}],"color": "green","italic": false}
                                },
                                {
                                    "function": "set_lore",
                                    "entity": "this",
                                    "lore": [
                                        "",
                                        {"translate":"price"},
                                {"translate":"dirt","with": [
                                {
                                    "text": "§a 10"
                                }
                                ]},
                                {"translate":"iron","with": [
                                {
                                    "text": "§a 8"
                                }
                                ]},
                                "",
                                {"translate":"to_unlock"},
                                {"translate":"mob+","color":"aqua"},
                                {"translate":"gear+","color":"aqua"},
                                [{"text": "> ","color":"aqua","italic": false},{"translate":"item.minecraft.shield"}],
                                {"translate":"harvest+","color": "aqua","with":["25%"],"italic": false},
                                {"translate":"more...","color":"aqua","italic": false},
                                {"nbt":"text.buy","interpret": true,"storage":"game:shop"}
                                    ]
                                }
                            ]
                        }
                    ]
                }
            ]
        }
    ]
}