[
    {
        "condition": "value_check",
        "value": {
            "type": "score",
            "target": {"type": "fixed","name": "science_techno"},
            "score": "red"
        },
        "range": {
            "min" : 3
        }
    },
    {
        "condition": "value_check",
        "value": {
            "type": "score",
            "target": {"type": "fixed","name": "magic_occult"},
            "score": "red"
        },
        "range": {
            "min" : 3
        }
    },
    {
        "condition": "value_check",
        "value": {
            "type": "score",
            "target": {"type": "fixed","name": "society_populate"},
            "score": "red"
        },
        "range": {
            "min" : 3
        }
    }
]