{
    "condition": "any_of",
    "terms": [
        {
            "condition": "all_of",
            "terms": [
                {
                    "condition": "entity_scores",
                    "entity": "this","scores": {
                        "armor": {
                            "min": 2,
                            "max": 3
                        }
                    }
                },
                {
                    "condition": "value_check",
                    "value": {
                        "type": "score",
                        "target": {
                            "type": "fixed",
                            "name": "science_techno"
                        },
                        "score": "calculator"
                    },
                    "range": 0
                }
            ]
        },
        {
            "condition": "all_of",
            "terms": [
                {
                    "condition": "entity_scores",
                    "entity": "this","scores": {
                        "armor": {
                            "min": 4,
                            "max": 5
                        }
                    }
                },
                {
                    "condition": "value_check",
                    "value": {
                        "type": "score",
                        "target": {
                            "type": "fixed",
                            "name": "science_techno"
                        },
                        "score": "calculator"
                    },
                    "range": {"max": 1}
                }
            ]
        },
        {
            "condition": "all_of",
            "terms": [
                {
                    "condition": "entity_scores",
                    "entity": "this","scores": {
                        "armor": {
                            "min": 6,
                            "max": 7
                        }
                    }
                },
                {
                    "condition": "any_of",
                    "terms": [
                        {
                            "condition": "value_check",
                            "value": {
                                "type": "score",
                                "target": {
                                    "type": "fixed",
                                    "name": "science_techno"
                                },
                                "score": "calculator"
                            },
                            "range": {"max": 2}
                        },
                        {
                            "condition": "value_check",
                            "value": {
                                "type": "score",
                                "target": {
                                    "type": "fixed",
                                    "name": "society_populate"
                                },
                                "score": "calculator"
                            },
                            "range": {"max": 0}
                        }
                    ]
                }
                
            ]
        },
        {
            "condition": "all_of",
            "terms": [
                {
                    "condition": "entity_scores",
                    "entity": "this","scores": {
                        "armor": {
                            "min": 8
                        }
                    }
                },
                {
                    "condition": "any_of",
                    "terms": [
                        {
                            "condition": "value_check",
                            "value": {
                                "type": "score",
                                "target": {
                                    "type": "fixed",
                                    "name": "science_techno"
                                },
                                "score": "calculator"
                            },
                            "range": {"max": 2}
                        },
                        {
                            "condition": "value_check",
                            "value": {
                                "type": "score",
                                "target": {
                                    "type": "fixed",
                                    "name": "society_populate"
                                },
                                "score": "calculator"
                            },
                            "range": {"max": 1}
                        },
                        {
                            "condition": "value_check",
                            "value": {
                                "type": "score",
                                "target": {
                                    "type": "fixed",
                                    "name": "magic_occult"
                                },
                                "score": "calculator"
                            },
                            "range": {"max": 2}
                        }
                    ]
                }
                
            ]
        }
    ]
}