{
    "type": "block",
    "pools": [
        {
            "rolls": 1,
            "entries": [
                {
                    "type": "item",
                    "name": "dirt",
                    "functions": [
                        {
                            "function": "set_nbt",
                            "tag": "{isGameRes:3b,CanDestroy:['#game:breakable'],HideFlags:12}"
                        }
                    ]
                }
            ]
        }
    ]
}