{
    "type": "command",
    "pools": [
        {
            "rolls": 1,
            "entries": [
                {
                    "type": "alternatives",
                    "children": [
                        {
                            "type": "item",
                            "name": "lime_stained_glass_pane",
                            "conditions": [
                                {
                                    "condition": "value_check",
                                    "value": {"target": {"name": "society_populate","type": "fixed"},"type": "score","score": "calculator"},
                                    "range": {"min":1}
                                }
                            ],
                            "functions": [
                                {
                                    "function": "set_nbt",
                                    "tag": "{UISpaceHolder:1b,CustomModelData:2}"
                                },
                                {
                                    "function": "set_name",
                                    "entity": "this",
                                    "name": {"translate":"state","with":["I",{"translate":"部落时代","color": "gold"}],"color": "green","italic": false}
                                },
                                {
                                    "function": "set_lore",
                                    "entity": "this",
                                    "lore": [
                                        "",
                                        {"translate":"unlocked"}
                                    ]
                                }
                            ]
                        },
                        {
                            "type": "item",
                            "name": "yellow_stained_glass_pane",
                            "functions": [
                                {
                                    "function": "set_nbt",
                                    "tag": "{ui:{id:\"society\"},Enchantments:[{}],CustomModelData:2}"
                                },
                                {
                                    "function": "set_name",
                                    "entity": "this",
                                    "name": {"translate":"state","with":["I",{"translate":"部落时代","color": "gold"}],"color": "green","italic": false}
                                },
                                {
                                    "function": "set_lore",
                                    "entity": "this",
                                    "lore": [
                                        "",
                                        {"translate":"price"},
                                        {"translate":"dirt","with": [
                                            {
                                                "text": "§a 24"
                                            }
                                            ]},
                                            {"translate":"iron","with": [
                                            {
                                                "text": "§a 2"
                                            }
                                            ]},
                                            {"translate":"copper","with": [
                                            {
                                                "text": "§a 2"
                                            }
                                            ]},
                                "",
                                {"translate":"to_unlock"},
                                {"translate":"mob+","color":"aqua"},
                                {"translate":"gear+","color":"aqua"},
                                {"translate":"food+","color":"aqua"},
                                [{"text": "> ","color":"aqua","italic": false},{"translate":"item.minecraft.arrow"}],
                                {"translate":"pigman+1","color":"aqua","italic": false},
                                {"translate":"more...","color":"aqua","italic": false},
                                {"translate":"点击购买","color":"yellow","italic": false}
                                    ]
                                }
                            ]
                        }
                    ]
                }
            ]
        }
    ]
}