{
    "type": "block",
    "pools": [
        {
            "rolls": 1,
            "entries": [
                {
                    "type": "loot_table",
                    "name": "blocks/coarse_dirt_give"
                }
            ]
        },
        {
            "rolls": 1,
            "entries": [
                {
                    "type": "item",
                    "name": "debug_stick",
                    "functions": [
                        {
                            "function": "set_nbt",
                            "tag": "{isGameMarkerItem:1b,CustomModelData:1}"
                        }
                    ],
                    "conditions": [
                        {
                            "condition": "entity_properties",
                            "entity": "this",
                            "predicate": {
                                "type": "player"
                            }
                        }
                    ]
                }
            ]
        }
    ]
}