{
    "type": "command",
    "pools": [
        {
            "rolls": 1,
            "entries": [
                {
                    "type": "item",
                    "name": "lime_stained_glass_pane"
                }
            ]
        }
    ],
    "functions": [
        {
            "function": "set_nbt",
            "tag": "{UISpaceHolder:1b,CustomModelData:2}"
        },
        {
            "function": "set_name",
            "entity": "this",
            "name": {"translate":"state","with":["∅",{"translate":"石器时代","color": "gold"}],"color": "green","italic": false}
        },
        {
            "function": "set_lore",
            "entity": "this",
            "lore": [
                "",
                {"translate":"unlocked"}
            ]
        }
    ]
}
